-- phpMyAdmin SQL Dump
-- version 4.2.11
-- http://www.phpmyadmin.net
--
-- Host: localhost
-- Generation Time: 2015-07-05 03:43:40
-- 服务器版本： 5.6.21
-- PHP Version: 5.5.19

SET SQL_MODE = "NO_AUTO_VALUE_ON_ZERO";
SET time_zone = "+00:00";


/*!40101 SET @OLD_CHARACTER_SET_CLIENT=@@CHARACTER_SET_CLIENT */;
/*!40101 SET @OLD_CHARACTER_SET_RESULTS=@@CHARACTER_SET_RESULTS */;
/*!40101 SET @OLD_COLLATION_CONNECTION=@@COLLATION_CONNECTION */;
/*!40101 SET NAMES utf8 */;

--
-- Database: `lib_system`
--
CREATE DATABASE IF NOT EXISTS `lib_system` DEFAULT CHARACTER SET utf8 COLLATE utf8_general_ci;
USE `lib_system`;

-- --------------------------------------------------------

--
-- 表的结构 `stop_words`
--

DROP TABLE IF EXISTS `stop_words`;
CREATE TABLE IF NOT EXISTS `stop_words` (
  `word` char(30) NOT NULL
) ENGINE=InnoDB DEFAULT CHARSET=utf8;

--
-- 转存表中的数据 `stop_words`
--

INSERT INTO `stop_words` (`word`) VALUES
('一'),
('一个'),
('一些'),
('一切'),
('一则'),
('一方面'),
('一旦'),
('一来'),
('一样'),
('一番'),
('一直'),
('一般'),
('万一'),
('上下'),
('不仅'),
('不但'),
('不光'),
('不单'),
('不只'),
('不如'),
('不怕'),
('不惟'),
('不成'),
('不拘'),
('不比'),
('不然'),
('不特'),
('不独'),
('不管'),
('不论'),
('不过'),
('不问'),
('与'),
('与其'),
('与否'),
('与此同时'),
('且'),
('两者'),
('个'),
('临'),
('为'),
('为了'),
('为什么'),
('为何'),
('为着'),
('乃'),
('乃至'),
('么'),
('之'),
('之一'),
('之所以'),
('之类'),
('乌乎'),
('乎'),
('乘'),
('也'),
('也好'),
('也就是说'),
('也罢'),
('了'),
('于'),
('于是'),
('于是乎'),
('云云'),
('人家'),
('什么'),
('什么样'),
('从'),
('从而'),
('他'),
('他人'),
('他们'),
('以'),
('以便'),
('以免'),
('以及'),
('以至'),
('以至于'),
('以致'),
('们'),
('任'),
('任何'),
('任凭'),
('似的'),
('但'),
('但是'),
('何'),
('何况'),
('何处'),
('何时'),
('作为'),
('你'),
('你们'),
('使得'),
('例如'),
('依'),
('依照'),
('俺'),
('俺们'),
('倘'),
('倘使'),
('倘或'),
('倘然'),
('倘若'),
('借'),
('假使'),
('假如'),
('假若'),
('像'),
('兮'),
('关于'),
('其'),
('其一'),
('其中'),
('其二'),
('其他'),
('其余'),
('其它'),
('其次'),
('具体地说'),
('具体说来'),
('再者'),
('再说'),
('冒'),
('冲'),
('况且'),
('几'),
('几时'),
('凭'),
('凭借'),
('则'),
('别'),
('别的'),
('别说'),
('到'),
('前后'),
('前者'),
('加之'),
('即'),
('即令'),
('即使'),
('即便'),
('即或'),
('即若'),
('又'),
('及'),
('及其'),
('及至'),
('反之'),
('反过来'),
('反过来说'),
('另'),
('另一方面'),
('另外'),
('只是'),
('只有'),
('只要'),
('只限'),
('叫'),
('叮咚'),
('可'),
('可以'),
('可是'),
('可见'),
('各'),
('各个'),
('各位'),
('各种'),
('各自'),
('同'),
('同时'),
('向'),
('向着'),
('吓'),
('吗'),
('否则'),
('吧'),
('吧哒'),
('吱'),
('呀'),
('呃'),
('呕'),
('呗'),
('呜'),
('呜呼'),
('呢'),
('呵'),
('呸'),
('呼哧'),
('咋'),
('和'),
('咚'),
('咦'),
('咱'),
('咱们'),
('咳'),
('哇'),
('哈'),
('哈哈'),
('哉'),
('哎'),
('哎呀'),
('哎哟'),
('哗'),
('哟'),
('哦'),
('哩'),
('哪'),
('哪个'),
('哪些'),
('哪儿'),
('哪天'),
('哪年'),
('哪怕'),
('哪样'),
('哪边'),
('哪里'),
('哼'),
('哼唷'),
('唉'),
('啊'),
('啐'),
('啥'),
('啦'),
('啪达'),
('喂'),
('喏'),
('喔唷'),
('嗡嗡'),
('嗬'),
('嗯'),
('嘎'),
('嘎登'),
('嘘'),
('嘛'),
('嘻'),
('嘿'),
('因'),
('因为'),
('因此'),
('因而'),
('固然'),
('在'),
('在下'),
('地'),
('多'),
('多少'),
('她'),
('她们'),
('如'),
('如上所述'),
('如何'),
('如其'),
('如果'),
('如此'),
('如若'),
('宁'),
('宁可'),
('宁愿'),
('宁肯'),
('它'),
('它们'),
('对'),
('对于'),
('将'),
('尔后'),
('尚且'),
('就'),
('就是'),
('就是说'),
('尽'),
('尽管'),
('岂但'),
('己'),
('并'),
('并且'),
('开外'),
('开始'),
('归'),
('当'),
('当着'),
('彼'),
('彼此'),
('往'),
('待'),
('得'),
('怎'),
('怎么'),
('怎么办'),
('怎么样'),
('怎样'),
('总之'),
('总的来看'),
('总的来说'),
('总的说来'),
('总而言之'),
('恰恰相反'),
('您'),
('慢说'),
('我'),
('我们'),
('或'),
('或是'),
('或者'),
('所'),
('所以'),
('打'),
('把'),
('抑或'),
('拿'),
('按'),
('按照'),
('换句话说'),
('换言之'),
('据'),
('接着'),
('故'),
('故此'),
('旁人'),
('无宁'),
('无论'),
('既'),
('既是'),
('既然'),
('时候'),
('是'),
('是的'),
('替'),
('有'),
('有些'),
('有关'),
('有的'),
('有的是'),
('望'),
('朝'),
('朝着'),
('末##末'),
('本'),
('本着'),
('来'),
('来着'),
('极了'),
('果然'),
('果真'),
('某'),
('某个'),
('某些'),
('根据'),
('正如'),
('此'),
('此外'),
('此间'),
('毋宁'),
('每'),
('每当'),
('比'),
('比如'),
('比方'),
('沿'),
('沿着'),
('漫说'),
('焉'),
('然则'),
('然后'),
('然而'),
('照'),
('照着'),
('甚么'),
('甚而'),
('甚至'),
('用'),
('由'),
('由于'),
('由此可见'),
('的'),
('的话'),
('相对而言'),
('省得'),
('着'),
('着呢'),
('矣'),
('离'),
('种'),
('第'),
('第二'),
('等'),
('等等'),
('管'),
('紧接着'),
('纵'),
('纵令'),
('纵使'),
('纵然'),
('经'),
('经过'),
('结果'),
('给'),
('继而'),
('综上所述'),
('罢了'),
('者'),
('而'),
('而且'),
('而况'),
('而外'),
('而已'),
('而是'),
('而言'),
('能'),
('腾'),
('自'),
('自个儿'),
('自从'),
('自各儿'),
('自家'),
('自己'),
('自身'),
('至'),
('至于'),
('若'),
('若是'),
('若非'),
('莫若'),
('虽'),
('虽则'),
('虽然'),
('虽说'),
('被'),
('要'),
('要不'),
('要不是'),
('要不然'),
('要么'),
('要是'),
('让'),
('许多'),
('论'),
('设使'),
('设若'),
('该'),
('诸位'),
('谁'),
('谁知'),
('赶'),
('起'),
('起见'),
('趁'),
('趁着'),
('越是'),
('跟'),
('较'),
('较之'),
('边'),
('过'),
('还是'),
('还有'),
('这'),
('这个'),
('这么'),
('这么些'),
('这么样'),
('这么点儿'),
('这些'),
('这会儿'),
('这儿'),
('这就是说'),
('这时'),
('这样'),
('这边'),
('这里'),
('进而'),
('连'),
('连同'),
('通过'),
('遵照'),
('那'),
('那个'),
('那么'),
('那么些'),
('那么样'),
('那些'),
('那会儿'),
('那儿'),
('那时'),
('那样'),
('那边'),
('那里'),
('鄙人'),
('鉴于'),
('阿'),
('除'),
('除了'),
('除此之外'),
('除非'),
('随'),
('随着'),
('非但'),
('非徒'),
('靠'),
('顺'),
('顺着'),
('首先');

-- --------------------------------------------------------

--
-- 表的结构 `think_access`
--

DROP TABLE IF EXISTS `think_access`;
CREATE TABLE IF NOT EXISTS `think_access` (
  `role_id` smallint(6) unsigned NOT NULL,
  `node_id` smallint(6) unsigned NOT NULL,
  `level` tinyint(1) NOT NULL,
  `module` varchar(50) DEFAULT NULL
) ENGINE=MyISAM DEFAULT CHARSET=utf8;

-- --------------------------------------------------------

--
-- 表的结构 `think_node`
--

DROP TABLE IF EXISTS `think_node`;
CREATE TABLE IF NOT EXISTS `think_node` (
`id` smallint(6) unsigned NOT NULL,
  `name` varchar(20) NOT NULL,
  `title` varchar(50) DEFAULT NULL,
  `status` tinyint(1) DEFAULT '0',
  `remark` varchar(255) DEFAULT NULL,
  `sort` smallint(6) unsigned DEFAULT NULL,
  `pid` smallint(6) unsigned NOT NULL,
  `level` tinyint(1) unsigned NOT NULL
) ENGINE=MyISAM DEFAULT CHARSET=utf8;

-- --------------------------------------------------------

--
-- 表的结构 `think_role`
--

DROP TABLE IF EXISTS `think_role`;
CREATE TABLE IF NOT EXISTS `think_role` (
`id` smallint(6) unsigned NOT NULL,
  `name` varchar(20) NOT NULL,
  `pid` smallint(6) DEFAULT NULL,
  `status` tinyint(1) unsigned DEFAULT NULL,
  `remark` varchar(255) DEFAULT NULL
) ENGINE=MyISAM DEFAULT CHARSET=utf8;

-- --------------------------------------------------------

--
-- 表的结构 `think_role_user`
--

DROP TABLE IF EXISTS `think_role_user`;
CREATE TABLE IF NOT EXISTS `think_role_user` (
  `role_id` mediumint(9) unsigned DEFAULT NULL,
  `user_id` char(32) DEFAULT NULL
) ENGINE=MyISAM DEFAULT CHARSET=utf8;

-- --------------------------------------------------------

--
-- 表的结构 `yzz_author`
--

DROP TABLE IF EXISTS `yzz_author`;
CREATE TABLE IF NOT EXISTS `yzz_author` (
  `author_id` int(5) NOT NULL DEFAULT '0',
  `book_id` int(5) NOT NULL DEFAULT '0'
) ENGINE=InnoDB DEFAULT CHARSET=utf8;

--
-- 转存表中的数据 `yzz_author`
--

INSERT INTO `yzz_author` (`author_id`, `book_id`) VALUES
(4, 11),
(5, 11),
(4, 12),
(5, 12),
(7, 13),
(8, 14),
(9, 15),
(10, 16),
(11, 17),
(13, 18),
(14, 19),
(14, 20),
(15, 21),
(17, 22),
(18, 23),
(19, 24),
(19, 25),
(20, 26),
(21, 27),
(22, 28),
(23, 29),
(24, 30),
(25, 30),
(26, 31),
(27, 32),
(28, 32),
(29, 33),
(30, 34),
(31, 35),
(32, 35),
(33, 35),
(34, 36),
(35, 37),
(36, 37),
(37, 38),
(38, 39),
(39, 40),
(40, 41),
(41, 42),
(42, 43),
(43, 44),
(44, 45),
(45, 45),
(46, 46),
(47, 47),
(48, 48),
(49, 49),
(51, 50),
(52, 50),
(53, 51),
(54, 52),
(55, 53),
(56, 54),
(57, 55),
(58, 56),
(59, 57),
(60, 58),
(61, 59),
(62, 59),
(63, 60),
(64, 61),
(65, 62),
(66, 63),
(67, 64),
(68, 65),
(69, 66),
(70, 67),
(71, 67),
(72, 68),
(73, 69),
(74, 70),
(75, 70),
(76, 70),
(77, 71),
(78, 72),
(79, 73),
(80, 74),
(81, 75),
(82, 76),
(83, 77),
(84, 79),
(85, 80),
(86, 81),
(87, 82),
(88, 83),
(89, 84),
(90, 85),
(91, 85),
(92, 86),
(93, 87),
(94, 88),
(95, 88),
(96, 89),
(97, 90),
(98, 91),
(99, 92),
(100, 93),
(101, 93),
(102, 94),
(103, 95),
(105, 96),
(106, 97),
(107, 98),
(108, 99),
(109, 100),
(110, 101),
(111, 102),
(112, 103),
(113, 103),
(114, 104),
(115, 105),
(117, 106),
(118, 107),
(119, 108),
(119, 109),
(120, 110),
(120, 111);

-- --------------------------------------------------------

--
-- 表的结构 `yzz_book`
--

DROP TABLE IF EXISTS `yzz_book`;
CREATE TABLE IF NOT EXISTS `yzz_book` (
`id` int(5) NOT NULL,
  `title` char(20) NOT NULL,
  `isbn` char(20) NOT NULL,
  `publish_year` year(4) DEFAULT NULL,
  `publisher` char(30) NOT NULL,
  `type` char(10) NOT NULL,
  `abstract` text NOT NULL,
  `cover` char(50) NOT NULL DEFAULT '/ThinkPHP/logo.png',
  `price` decimal(10,2) NOT NULL,
  `is_booked` int(2) NOT NULL DEFAULT '0'
) ENGINE=InnoDB AUTO_INCREMENT=119 DEFAULT CHARSET=utf8;

--
-- 转存表中的数据 `yzz_book`
--

INSERT INTO `yzz_book` (`id`, `title`, `isbn`, `publish_year`, `publisher`, `type`, `abstract`, `cover`, `price`, `is_booked`) VALUES
(11, '倚天屠龙记', '9787530212233', 2014, '北京大学出版社', 'FHT', '&lt;p&gt;这是一条测试书籍&lt;/p&gt;\r\n', './Uploads/20150610/55784a92345b5.png', '23.00', 0),
(12, '穆斯林的葬礼', '9787530212243', 2014, '北京大学出版社', 'FHT', '这条书籍用来测试', './Uploads/20150531/556af943537e3.png', '0.00', 0),
(13, '安全科学与工程教学与科研新进展', '7-5646-1244-3', 2011, '徐州：中国矿业大学出版社', 'X9-53', '&lt;p&gt;本书为论文集，主要集结了西安科技大学安全科学与工程专业近年科研成果论文。&lt;/p&gt;\r\n', './Uploads/20150531/556b28351c11e.jpg', '34.00', 0),
(14, '环境材料导论', '978-7-301-14508-1', 2008, '北京：北京大学出版社', 'TB39', '&lt;p&gt;本书对清洁生产、材料再生循环设计的基本思路和对减轻环境负荷的重要作用，以及材料长寿命化与环境材料的相关性也做了详细的介绍；此外还介绍了环境材料的基本特性和分类等内容。&lt;/p&gt;\r\n', './Uploads/20150607/5573990fec4c2.jpg', '23.00', 0),
(15, '马克思主义基本原理概论', '7-216-04401-0', 2006, '武汉大学出版社', 'A81', '&lt;p&gt;1&lt;/p&gt;\r\n', './Uploads/20150607/55739bbca661d.png', '35.00', 0),
(16, '到太空中行走  解读“神舟七号”奥秘', '978-7-5065-5695-8', 2008, '解放军出版社', 'V52-49', '&lt;p&gt;本书介绍了航天员为什么要在太空行走、&amp;ldquo;神舟七号&amp;rdquo;与&amp;ldquo;神舟六号&amp;rdquo;、&amp;ldquo;神舟五号&amp;rdquo;有何区别、航天员怎样从飞船走出等一系列有关载人航天飞行的知识。&lt;/p&gt;\r\n', './Uploads/20150607/55739adb29d65.jpg', '23.00', 0),
(17, '数学分析', '7-111-18014-3', 2006, '机械工业出版社', 'O17', '&lt;p&gt;本书涵盖了初等微积分以及实变函数论和复变函数论等内容，涉及现代分析的最新进展，书中包含大量覆盖各个方面、各级难度的习题。&lt;/p&gt;\r\n\r\n&lt;p&gt;&amp;nbsp;&lt;/p&gt;\r\n', './Uploads/20150607/55739bbb78e3e.jpg', '50.00', 0),
(18, '马克思主义基本原理概论', '7-216-04401-0', 2006, '武汉大学出版社', 'A81', '&lt;p&gt;本书通过对马克思主义基本原理的总结和学习，帮助学生了解马克思主义的基本规律及其在现实生活中的实际应用。&lt;/p&gt;\r\n', './Uploads/20150607/55739cbe7c438.jpg', '35.00', 0),
(19, '化学反应工程（第二版）', '7-03-011482-6', 2004, '科学出版社', 'TQ03', '&lt;p&gt;该教材对随化学反应工程学科发展而出现的极富挑战性的理论问题，如反应器的定态多重性、动态行为等非线性动力学问题，以及随各种新型加工手段出现的反应器做了介绍。&lt;/p&gt;\r\n', './Uploads/20150607/55739ca050901.jpg', '27.00', 0),
(20, '化学反应工程', '7-03-011482-5', 2003, '科学出版社', 'TQ03', '&lt;p&gt;该教材对随化学反应工程学科发展而出现的极富挑战性的理论问题，如反应器的定态多重性、动态行为等非线性动力学问题，以及随各种新型加工手段出现的反应器做了介绍。&lt;/p&gt;\r\n', './Uploads/20150607/55739ca050901.jpg', '27.00', 0),
(21, '物理学史', '7-80033-037-0', 1988, '求实出版社', 'O4-091', '&lt;p&gt;本书较好地再现了从16、17世纪近代物理学的诞生到20世纪量子力学建立的整个物理学的发展史。&lt;/p&gt;\r\n', './Uploads/20150607/55739cc76ca55.jpg', '40.00', 0),
(22, '交通运输系统分析', '7-81022-304-6', 1991, '西南交通大学出版社', 'U50', '&lt;p&gt;本书以系统分析的思想、原理和方法，来认识、分解、分析和描述交通运输体系，并完整的介绍了交通运输系统分析的基本理论和基本方法。&lt;/p&gt;\r\n', './Uploads/20150607/55739c347efd7.jpg', '25.00', 0),
(23, '马克思主义基本原理概论', '978-7-300-12455-1', 2010, '中国人民大学出版社', 'A81', '&lt;p&gt;本书通过对马克思主义基本原理的总结和学习，帮助学生了解马克思主义的基本规律及其在现实生活中的实际应用。&lt;/p&gt;\r\n', './Uploads/20150607/55739cda9185a.jpg', '30.00', 0),
(24, '天文学史(第二版)', '7-04-003571-6', 1997, '高等教育出版社', 'P1-09', '&lt;p&gt;全书分古代天文学、16世纪中叶至19世纪中叶天文学以及19世纪中叶以来的天文学三编。描述了天文学各分支学科从古到今的发展过程,介绍了19世纪中叶以来的天文学直至本世纪80年代空间天文学的最新情况。&lt;/p&gt;\r\n', './Uploads/20150607/55739d773ae34.jpg', '35.00', 0),
(25, '天文学史', '7-04-003571-5', 1992, '高等教育出版社', 'P1-09', '&lt;p&gt;全书分古代天文学、16世纪中叶至19世纪中叶天文学以及19世纪中叶以来的天文学三编。描述了天文学各分支学科从古到今的发展过程,介绍了19世纪中叶以来的天文学直至本世纪80年代空间天文学的最新情况。&lt;/p&gt;\r\n', './Uploads/20150607/55739d773ae34.jpg', '35.00', 0),
(26, '佛典语言硏究论集', '978-7-5676-1148-1', 2014, '安徽师范大学出版社', 'H113', '&lt;p&gt;该书为安徽师范大学文学院中国语言文学学科系列著作之一，由文学院统一策划。梵汉对音是硏究中古语音的重要方法与硏究材料，学界从事这项硏究的人不多，其结论可以为中古语音硏究提供重要参照。著者是从事这项硏究为数不多的人之一，有较大的影响。音译词硏究从语音入手，探讨词形变化，为汉语词汇硏究提供了一种新的模式。古代音义著作中的语音史料，有很多是著者首次提出，首次应用于汉语语音史的硏究。本书主要是中古语音史硏究，根据硏究材料的不同，主要分为以下部分：第一，梵汉对音硏究。主要是利用今存佛典中的术语以及密咒译音，探讨中古时期的汉语语音系统及其歷史变化；第二，音译词硏究。运用汉语音韵学知识，探讨佛典中的某些词语（佛敎术语）的来龙去脉及其汉化过程，可以为汉语词汇硏究提供某种借鉴。第三，古代音义硏究。古代音义著作蕴含了丰富的语音信息，通过爬梳古代音义著作中的古代语音史料，探讨古代方音史以及汉语语音史的某些特殊变化。本书稿资料翔实，论证严密，结构完整，语言通顺，能够填补梵汉语音硏究学术空白，具有学术价值，建议出版。&amp;nbsp;&lt;/p&gt;\r\n', './Uploads/20150607/55739dd61c45b.jpg', '39.00', 0),
(27, '交通运输系统分析应用案例集', '7-81022-730-0', 1994, '西南交通大学出版社', 'U50', '&lt;p&gt;包括我国区域交通系统、城市交通系统、铁路运输系统和水运港口系统等方面10篇研究报告的主要部分。&lt;/p&gt;\r\n\r\n&lt;p&gt;&amp;nbsp;&lt;/p&gt;\r\n', './Uploads/20150607/55739da17a786.jpg', '0.00', 0),
(28, '汽车设计', '7-111-01291-7', 1996, '机械工业出版社', 'U462.1', '&lt;p&gt;本书简单介绍了我国从建国以来的各种样式的汽车构造和设计。&lt;/p&gt;\r\n', './Uploads/20150607/55739e8c5a212.jpg', '0.00', 0),
(29, '马克思主义哲学', '7-81084-112-2', 2002, '东北财经大学出版社', 'B0-0', '&lt;p&gt;21世纪高等教育标准教材:本书讲述了马克思主义哲学基础知识，世界的物质性和人的实践活动，唯物辩证法辩的基本规律、认识的本质和过程等内容。&lt;/p&gt;\r\n', './Uploads/20150607/55739ffc13a4a.jpg', '12.00', 0),
(30, '汽车维修', '978-7-80739-790-8', 2010, '中原农民出版社', 'U462.2', '', './Uploads/20150607/5573a058a4eda.jpg', '29.90', 0),
(31, '语言: 权利和资源 有关语言人权的研究', '9787513552950', 2014, '外语教学与研究出版社', 'H002', '&lt;p&gt;本书是中国语言战略研究中心策划引进并组织翻译的&amp;ldquo;语言资源与语言规划丛书&amp;rdquo;中的一种。本书从一般问题、法律问题、市场问题、语言规划问题、教育和种族身份问题这五个不同专业领域，围绕语言人权产生的误解，阐明语言人权的概念，通过讨论语言人权问题，提出语言既是权利也是资源。&lt;/p&gt;\r\n', './Uploads/20150607/5573a0acb4e73.jpg', '35.00', 0),
(32, '大气污染控制工程', '7-5019-3397-9', 2002, '中国轻工业出版社', 'X510.6', '&lt;p&gt;高等职业教育教材:本书主要内容包括：概论燃料燃烧；污染物在大气中的扩散；除尘技术基础；除尘装置；气态污染物净化技术基础；气态污染物净化技术等。&lt;/p&gt;\r\n', './Uploads/20150607/5573a09fc95b3.jpg', '40.00', 0),
(33, '马克思主义发展史', '7-307-05203-2', 2006, '武汉大学出版社', 'A81', '&lt;p&gt;本书主要研究马克思主义产生、发展的历史过程。&lt;/p&gt;\r\n', './Uploads/20150607/5573a0fd0da43.jpg', '13.00', 0),
(34, '神舟飞船系统工程管理', '7-111-17463-1', 2006, '机械工业出版社', 'TV476.2', '&lt;p&gt;本书以现代项目管理理论和方法为指导，阐述了具有神舟飞船项目研制管理特色的11个管理要素的基本概念与最新理论，总结了要素管理方面的实践经验，归纳、提炼出了该要素管理的指南。&lt;/p&gt;\r\n\r\n&lt;p&gt;&amp;nbsp;&lt;/p&gt;\r\n', './Uploads/20150607/5573a10e7e1ed.jpg', '20.50', 0),
(35, '汉语维吾尔语对应关系词研究', ' 9787566007179', 2014, '中央民族大学出版社', 'H215.3/1', '&lt;p&gt;本书是中国语言战略研究中心策划引进并组织翻译的&amp;ldquo;语言资源与语言规划丛书&amp;rdquo;中的一种。本书从一般问题、法律问题、市场问题、语言规划问题、教育和种族身份问题这五个不同专业领域，围绕语言人权产生的误解，阐明语言人权的概念，通过讨论语言人权问题，提出语言既是权利也是资源。&lt;/p&gt;\r\n', './Uploads/20150607/5573a19d02180.jpg', '45.00', 0),
(36, '哲学与人生', '7-215-05607-4', 2005, '河南人民出版社', 'B821-49', '&lt;p&gt;本书内容包括哲学的体察，什么是哲学，进入哲学殿堂的途径和方法，普遍联系和永恒发展，辩证法的基本原理和范畴等。&lt;/p&gt;\r\n', './Uploads/20150607/5573a161123fd.jpg', '18.00', 0),
(37, '地球科学', '7-5600-4091-8', 2004, '外语教学与研究出版社', 'H319.4', '&lt;p&gt;本书以画册形式，主要以青少年为阅读对象介绍地球科学知识，涉及太空、大洋、火山与地震，及地球历史知识等。&lt;/p&gt;\r\n', './Uploads/20150607/5573a217883ef.jpg', '24.00', 0),
(38, '中国外语研究 年刊', '9787567007789', 2014, '中国海洋大学出版社', 'H3/24', '&lt;p&gt;Publication, Distrib:&lt;/p&gt;&lt;p&gt;中国海洋大学出版社 2014-&lt;/p&gt;&lt;p&gt;&lt;!-- Print inline webimage-type tag --&gt;&lt;!-- Regular tag --&gt;&lt;/p&gt;&lt;p&gt;&lt;!-- Regular tag --&gt;载体形态:&lt;/p&gt;&lt;p&gt;册 图 29cm&lt;/p&gt;&lt;p&gt;&lt;!-- Print inline webimage-type tag --&gt;&lt;!-- Regular tag --&gt;&lt;/p&gt;&lt;p&gt;&lt;!-- Regular tag --&gt;一般附注:&lt;/p&gt;&lt;p&gt;中国海洋大学主办&amp;nbsp;&lt;/p&gt;', './Uploads/20150607/5573a223692f8.gif', '36.00', 0),
(39, '行走在太空：神舟一号至神舟七号飞行纪实', '978-7-80218-431-2', 2008, '中国宇航出版社', 'V52', '&lt;p&gt;本书以新闻记者的视角，从人、物、故事等多个方面，全程展现了我载人航天工程从神舟1号到7号的发展历程，图文并茂，轻松易读。&lt;/p&gt;\r\n', './Uploads/20150607/5573a1ecd1634.jpg', '19.90', 0),
(40, '中国与欧洲早期宗教和哲学交流史', '7-5060-1466-1', 2001, '东方出版社', 'B929.2;B2', '&lt;p&gt;本书分为两个部分。第一部分，介绍了欧洲早期的宗教和哲学文化在中国的传播；第二部分，对明清时期中国的宗教和哲学在欧洲的传播进行了论述。&lt;/p&gt;\r\n', './Uploads/20150607/5573a1fb74904.jpg', '29.00', 0),
(41, '测绘学概论', '7-307-04380-7', 2004, '武汉大学出版社', 'P2', '&lt;p&gt;&amp;nbsp;高等学校测绘工程专业核心教材 普通高等教育&amp;ldquo;十五&amp;rdquo;国家级规划教材:本书注重介绍当代测绘学的基本内容、基础理论和最新技术发展及其在国民经济发展和国防建设中的地位与作用，涉及大地测量、地图绘制、海洋测绘等内容。&lt;/p&gt;\r\n', './Uploads/20150607/5573a22d3720f.jpg', '40.00', 0),
(42, '中国外语研究 年刊', '9787567007782', 2014, '中国海洋大学出版社', 'H3/24', '&lt;p&gt;《Chinese Tourism Research Annual 2010》一直是读者公认的中国最早的海内外公开发行的旅游科学的专业性学术期刊。尽管近10余年中国的旅游类刊物已雨后春笋般地大量出现，但在中国图书信息系统的10余年连续5届的全国&amp;ldquo;中文核心期刊&amp;rdquo;的郑重评定中，它却是中国唯一的连续5届获得&amp;ldquo;中文核心期刊&amp;rdquo;荣誉的旅游类期刊。所以在中国，在中国的学术界和中国的旅游业者中，以及在部分海外地区的读者中，《旅游学刊》已经是人们一致公认的这一领域最具权威性的刊物。&lt;/p&gt;\r\n', './Uploads/20150607/5573a2c60fbaa.jpg', '44.00', 0),
(43, '哲学概论', '7-221-06500-4', 2004, '贵州人民出版社', 'B0', '&lt;p&gt;本书分为十一章，分别论述了伦理学、认知结构与运作－－知识论的法则、科学哲学、自然科学的哲学基础、政治哲学、美学与艺术哲学等内容。&lt;/p&gt;\r\n', './Uploads/20150607/5573a298a6719.jpg', '45.00', 0),
(44, '神州七号飞船项目管理', '978-7-80243-634-3', 2010, '航空工业出版社', 'V4', '&lt;p&gt;本书是对神舟七号飞船研制工程中的管理成果和管理经验的归纳和总结，全书以现代项目管理理论为指导，从12个方面全过程、全系统、全要素地阐述了神州七号飞船研制工作中所应用的管理理论与方法。&lt;/p&gt;\r\n', './Uploads/20150607/5573a2b86309f.jpg', '35.00', 0),
(45, '地理信息系统', '7-04-011237-X', 2002, '高等教育出版社', 'P208', '&lt;p&gt;普通高等学校教材:全书分七章，主要包括：地理信息系统概述、空间数据组织与计算机表达、地理空间数据管理、地理空间数据处理、空间分析、地图制图及输出等。&lt;/p&gt;\r\n', './Uploads/20150607/5573a2fd80249.jpg', '28.10', 0),
(46, '英语专业基础阶段内容依托教学改革研究', '9787301257463', 2015, '北京大学出版社', 'H319.4', '&lt;p&gt;《英语专业基础阶段内容依托教学改革研究》是国家哲学社会科学项目&amp;quot;英语专业基础阶段内容依托式课程改革研究&amp;quot;（编号07BYY029）的研究成果，重点解决我国英语专业基础阶段内容依托教育理念的变革及其指导下的课程体系改革问题。&amp;nbsp;&lt;br /&gt;\r\n针对英语专业教育大学与中学英语教学脱节、语言与内容教学割裂、单纯语言技能训练过多、专业知识课程不足、学科内容课程系统性差、高低年级专业知识内容课程安排失衡及其导致的学生知识面偏窄、知识&lt;/p&gt;\r\n', './Uploads/20150607/5573a3459fb7f.jpg', '68.00', 0),
(47, '哲学', '7-5058-2906-8', 2002, '经济科学出版社', 'B0-0', '&lt;p&gt;本书内容包括：马克思主义哲学是科学的世界观和方法论，物质和意识，世界的联系和发展及其一般规律，人类认识的本质和过程，人类社会的本质、基础和特征，社会的基本结构，社会发展的动力及其规律，社会进步与人的全面发展。&lt;/p&gt;\r\n', './Uploads/20150607/5573a367dd390.jpg', '16.00', 0),
(48, '外语学习动机激发策略的理论与实证研究', '9787511257413', 2015, '光明日报出版社', 'H3/23', '&lt;p&gt;本书从师生的双重视角展开调研, 采取问卷调查、课堂观察法、访谈、个案研究等量化与质化相结合的方法, 探究教师实施动机激发策略的实际效果和有效性, 弥补动机激发策略有效性这一研究领域的不足, 完善和开拓了动机激发策略的研究领域和理论体系。研究结论有助于提高外语教学成效, 为外语教师提供有益的指导和启示。&amp;nbsp;&lt;/p&gt;\r\n', './Uploads/20150607/5573a3ea0ebbb.jpg', '66.00', 0),
(49, '环境科学', '978-7-301-1450-6', 1986, '大中国图书公司', 'X25', '&lt;p&gt;本书为美国科学家AMOS TURK所著，阐述了环境科学发展的悠久历史与深远影响。&lt;/p&gt;\r\n\r\n&lt;p&gt;&amp;nbsp;&lt;/p&gt;\r\n', './Uploads/20150607/5573a393e2046.jpg', '49.90', 0),
(50, '紫金山天文台史稿 中国天文学现代化个案', '7-5328-4802-7', 2004, '山东教育出版社', 'P112.2-09', '&lt;p&gt;中国科学院知识创新工程项目:紫金山天文台是中国天文学家自己建设的第一座现代意义上的天文台，本书的论述年代下限设定在1949年，作者引据大量各种资料，并在紫金山天文台档案室等处做了大量的调查，获取了珍贵的史料，再现天文学家的努力，以及他们的心路历程。&lt;/p&gt;\r\n', './Uploads/20150607/5573a3d3e1521.jpg', '26.00', 0),
(51, '“新文化”的崛起与流播', '9787301254998', 2015, '北京大学出版社', 'I206.6-53/', '&lt;p&gt;大众媒介在建构&amp;ldquo;国民意识&amp;rdquo;、制造&amp;ldquo;时尚&amp;rdquo;与&amp;ldquo;潮流&amp;rdquo;的同时, 也在创造&amp;ldquo;现代文学&amp;rdquo;。一个简单的事实是, &amp;ldquo;现代文学&amp;rdquo;之不同于&amp;ldquo;古典文学&amp;rdquo;, 除了众所周知的思想意识、审美趣味、语言工具等, 还与其生产过程以及发表形式密切相关。报章等大众传媒不仅仅是工具, 而是已深深嵌入写作者的思维与表达。在这个意义上, 理解大众传媒, 不仅仅是新闻史家或媒体工作者的责任, 更吸引了无数思想史家、文化史家以及文学史家的目光。本书从&amp;ldquo;报刊&amp;rdquo;及&amp;ldquo;&amp;quot;出版&amp;rdquo;的角度, 讨论了中国现代文学及文化。&amp;nbsp;&lt;/p&gt;\r\n', './Uploads/20150607/5573a44ab0152.jpg', '48.00', 0),
(52, '社会学', '7-81081-546-6', 2005, '湖南师范大学出版社', 'C91', '&lt;p&gt;湖南师范大学出版基金资助 湖南师范大学重点学科经费资助:本书将社会学的研究内容分为社会结构研究、社会过程研究和社会调查研究三个有机组成部分。全书共三篇、十六章内容。&lt;/p&gt;\r\n', './Uploads/20150607/5573a451dbbc6.jpg', '40.00', 0),
(53, '世运推移与文章兴替', '9787301256039', 2015, '北京大学出版社', 'I206.5/80', '&lt;p&gt;本书主要讨论中国现代转型过程中，书写语言与文章体式的复杂演变。与一般的理解不同，作者认为，这一转型并非简单的白话替代文言的问题，很多现代书写因素是首先在文言内部实现的，而且不止是在文学文本，也在学术文本中完成这一过程。&lt;/p&gt;\r\n', './Uploads/20150607/5573a4c7c576a.jpg', '45.00', 0),
(54, '外国文学简编 欧美部分', ' 7300018033', 2015, '中国人民大学出版社', 'I109', '&lt;p&gt;《外国文学简编:欧美部分》在第四版的基础上主要作了以下调整改动：1、改写&amp;ldquo;导言&amp;rdquo;；2、&amp;ldquo;目录&amp;rdquo;中增加三级标题；3、补充修订调整各章的概述，以增强史的勾勒；4、&amp;ldquo;中编&amp;rdquo;增加&amp;ldquo;莫泊桑&amp;rdquo;一节；5、着重对&amp;ldquo;下编&amp;rdquo;作了增删调整：(1)按时序将20世纪分为前后期，再按思潮分章；(2)删除&amp;ldquo;茨威格&amp;rdquo;、&amp;ldquo;马雅可夫斯基&amp;rdquo;两节，增加&amp;ldquo;帕斯捷尔纳克&amp;rdquo;、&amp;ldquo;布莱希特&amp;rdquo;、&amp;ldquo;贝娄&amp;rdquo;和&amp;ldquo;加缪&amp;rdquo;四节；6、为更密切配合教学，在每章后新增&amp;ldquo;思考题&amp;rdquo;部分，我们希望&amp;ldquo;思考题&amp;rdquo;能激发师生的 创造性思维，而不是着眼于应试；7、开列&amp;ldquo;阅读书目100种&amp;rdquo;作为附录，供读者参考。&lt;/p&gt;\r\n', './Uploads/20150607/5573a5410bc90.jpg', '33.00', 0),
(55, '社会学概论', '7-5419-2228-5', 1991, '陕西人民教育出版社', 'C91', '&lt;p&gt;本书介绍了社会学的基本观点、概念与研究成果,论述了马克思的维物史观、中国人现代化的途径、两次调节的二元机制等内容。&lt;/p&gt;\r\n', './Uploads/20150607/5573a589d2f6d.jpg', '0.00', 0),
(56, '高仓正三苏州日记 揭开日本人的中国记忆', '9787554601860', 2015, '古吴轩出版社', 'I313.65/91', '&lt;p&gt;本书是日本学者高仓正三在1939年4月5日至1941年2月28日期间, 于苏州居住时所写的日记。日记按时间分为三大部分, 主要内容大概有以下几个方面: 一、学习研究吴方言。在日记和信件中涉及许多语言方面的学术探讨。二、日常生活记录, 包括衣食住行、旅游见闻等。三、大量的购书记录, 收集中国文化资料以及实际调查等。对1939年至1941年这段战争时期来说, 一个日本人以生活、学术的视角来描述中国的城市, 这是极为难得的。&lt;/p&gt;\r\n', './Uploads/20150607/5573a593e1ace.jpg', '32.00', 0),
(57, '环境保护', '14072·65', 1976, '天津人民出版社', 'X9', '&lt;p&gt;本文为天津大学环境保护最新成果。&lt;/p&gt;\r\n', './Uploads/20150607/5573a55d4af2c.jpg', '19.90', 0),
(58, '北宋诗歌与政治关系研究', '9787301252338', 2015, '北京大学出版社', 'I207.22/16', '&lt;p&gt;《北宋诗歌与政治关系研究》以北宋政治诗为研究对象，探讨诗歌和政治的相互关系，运用以史证诗的方法，为北宋政治诗的发展原因、发展过程、政治内涵和艺术特点提出全新的看法，使北宋诗歌的研究领域具有突破性的进展。第一章为绪论；第二章至第六章主要就北宋诗歌和政治的重要问题展开探讨，侧重宏观论述；第七章至第十一章，分别就各时期主要诗人群的政治诗进行深入探讨，以进一步考察其个性特色；第十二章总述结论。每一章既是相互关连的一个侧面，又具相对独立性，照顾整体又重点突出北宋政治诗相关的学术问题。&amp;nbsp;&lt;/p&gt;\r\n', './Uploads/20150607/5573a6362fe12.jpg', '55.00', 0),
(59, '社会资本与管理学', '7-5628-2013-9', 2007, '华东理工大学出版社', 'C936;F014.', '&lt;p&gt;本书收集了华人社会学者和管理学者的相关研究论文以及方法应用的文章，分别从概述篇、个体篇、中观篇、区域篇和方法篇五个方面讨论社会资本的性质和意义、在管理研究中的应用、社会行动和社会结构的本土化、经济活动中的人际交往、个体行为中的社会资本形成、个体行为的社会网、组织内和组织间的社会资本及其社会网、区域中产业集群的社会资本与社会网、个体网和整体网的介绍和应用。&lt;/p&gt;\r\n', './Uploads/20150607/5573a5ab092eb.jpg', '36.00', 0),
(60, '园艺植物育种学', '7-5623-1740-2', 2001, '华南理工大学出版社', 'S603', '&lt;p&gt;本书将原果树、蔬菜和花卉三个专业的育种学合并拓宽编写而成，全书除绪论外共分10章，内容包括：园艺植物种质资源；引种；选种；有性杂交育种等。&lt;/p&gt;\r\n', './Uploads/20150607/5573a62132951.jpg', '26.00', 0),
(61, '四库全书', '7-5601-6895-1', 2011, '吉林大学出版社', 'Z225', '&lt;p&gt;本书分经、史、子、集四部，故名&amp;ldquo;四库&amp;rdquo;。《四库全书》汇集了从先秦到清代前期各种学科门类的重要典籍，为中华传统文化最丰富最完备的集大成之作。&lt;/p&gt;\r\n', './Uploads/20150607/5573a5eaa44b1.jpg', '200.00', 0),
(62, '社会保障', '7-81044-788-2', 2000, '东北财经大学出版社', 'C913.7', '&lt;p&gt;21世纪财政税收本科新概念教材:本书概括阐述了社会保障的概念、性质、特征、地位与作用及其发展演变，社会保障基金筹集、支付和投资的基本原则和方法；阐述了社会保险、社会福利、社会救助和社会优抚、社会保障管理体制的基本原理、基本知识和具体制度；阐述了社会保障管理体制和社会保障法制建设的基本情况。&lt;/p&gt;\r\n', './Uploads/20150607/5573a6538d2bc.jpg', '17.00', 0),
(63, '生死有悟', ' 9787208126497', 2015, '上海人民出版社', 'I267/3959', '&lt;p&gt;本书是上海电影艺术集团编剧, 老电影人陆寿钧的散文集。主要内容包括: 生的艰难 ; 慧珠伯伯 ; 三条人命 ; 小镇凡人 ; 永记师恩 ; 丰英大姐 ; 好友阿戴等。&amp;nbsp;&lt;/p&gt;\r\n', './Uploads/20150607/5573a69686f1d.jpg', '32.00', 0),
(64, '园林植物', '978-7-5609-4848-5', 2008, '华中科技大学出版社', 'S688', '&lt;p&gt;本书系统地介绍了园林植物的分类方法、分类基础以及园林植物的特征，并详细介绍了园林植物的设计和应用。&lt;/p&gt;\r\n', './Uploads/20150610/557853a035068.jpg', '42.00', 0),
(65, '纪录片解说词的时间表达', '9787565705960', 2015, '中国传媒大学出版社', 'I207.352', '&lt;p&gt;本书运用语言学的方法, 从以下角度对纪录片解说词的时间表达进行了考察 ; 作为影像叙事与历史叙事的结合, 纪录片体现了怎样的时间观念? 作为现在进行时的纪录片画面, 其在真实世界时间维度上的位置及在画面时间之外的持续长度该如何确定? 等。&lt;/p&gt;\r\n', './Uploads/20150607/5573a6f45a92d.jpg', '35.00', 0),
(66, '新华字典', '7-100-03931-2', 2004, '商务印书馆', 'Z32', '&lt;p&gt;本字典收单字10000多个，明确区分繁体字、异体字，收带注解的词语3500多个。正文按音序排列，备有部首检字表。书中内含综合插图和附录。&lt;/p&gt;\r\n', './Uploads/20150607/5573a6cc25516.jpg', '25.00', 0),
(67, '社会学研究', '7-5080-2338-2', 2001, '华夏出版社', 'C91', '&lt;p&gt;本书共分16章，主要介绍了社会科学的性质、社会科学的障碍、客观障碍、教育的偏见等内容。&lt;/p&gt;\r\n', './Uploads/20150607/5573a6d9f1bc5.jpg', '22.00', 0),
(68, '疏影幽兰 中国昆曲的当代传承与发展', ' 9787503958397', 2014, '文化艺术出版社', 'J825.53/54', '&lt;p&gt;本书在回顾昆曲历史、论述昆曲现状的总体观照下, 从昆曲剧目的传承和发展; 昆曲舞台艺术的传承和发展; 昆曲理论研究的发展与探索三个方面进行了分别整理与梳理。其中昆曲剧目的内涵着重论述了知识分子的主体精神和特定时代的审美旨趣; 从上层社会对&amp;ldquo;正&amp;rdquo;与&amp;ldquo;雅&amp;rdquo;的崇尚的视角梳理了剧目体制逐渐规范的过程, 通过分析剧目体制日益摆脱&amp;ldquo;规范&amp;rdquo;之严格限制的现象, 揭示出昆曲从业者面对变化了的社会生活和大众思维方式, 既让昆曲在一定程度上被动的迁就观众, 也对昆曲实行了积极有效的改革的真实发展面貌。&amp;nbsp;&lt;/p&gt;\r\n', './Uploads/20150607/5573a7a3c1bea.jpg', '32.00', 0),
(69, '中国年鉴史料', '7-100-03931-122', 2007, '北京志鉴书刊研究院', 'Z52', '&lt;p&gt;本书按照时间先后顺序，汇集了从1909年我国出版的第一本中文年鉴到2003年我国改革开放以来出版的600多种年鉴的序言。&lt;/p&gt;\r\n\r\n&lt;p&gt;&amp;nbsp;&lt;/p&gt;\r\n', './Uploads/20150607/5573a7588dafc.jpg', '198.00', 0),
(70, '气象雷达原理', '7-5029-4039-1', 2005, '气象出版社', 'TN959.4', '&lt;p&gt;本书的主要内容包括气象雷达发射机、接收机、无线控制器等硬件设备的组成结构、工作原理及其主要性能；气象雷达测距、测速的基本原理和各种实现方法等。&lt;/p&gt;\r\n', './Uploads/20150607/5573a7ace8e02.jpg', '36.00', 0),
(71, '社会契约论', '978-7-214-05871-3', 2010, '江苏人民出版社', 'D095.654;D', '&lt;p&gt;本书分上编社会契约论及下编社会契约论文选，主要内容涵盖导论；中世纪与文艺复兴时期；宗教改革与宗教战争时期；17世纪英国的社会契约论等。&lt;/p&gt;\r\n', './Uploads/20150607/5573a7a04ce86.jpg', '34.00', 0),
(72, '声漫山门 陕北民族音乐志', '9787503958816', 2015, '文化艺术出版社', 'J607.2', '&lt;p&gt;本书是关于陕北民族音乐研究的专著。全书分为信天长风&amp;mdash;&amp;mdash;走进现代的陕北音乐；吹手的生活和吹手的话；唢呐话语&amp;mdash;&amp;mdash;米脂乐班三重奏；红与白&amp;mdash;&amp;mdash;白云山庙会；声漫山门&amp;mdash;&amp;mdash;横山县马坊牛王会；丧葬仪式；说书、秧歌、婚礼；乐器与宫调八个章节。&amp;nbsp;&lt;/p&gt;\r\n', './Uploads/20150607/5573a886a9058.jpg', '52.00', 0),
(73, '预防医学技术', '7-117-09448-6', 2008, '人民卫生出版社', 'R-42R1-67', '&lt;p&gt;本书内容包括：卫生理化检验综合知识，环境空气理化检验，水质检验，化妆品检验，食品理化检验与营养成分分析&amp;hellip;&amp;hellip;&lt;/p&gt;\r\n', '', '99.00', 0),
(74, '环境监测', '7-5025-3171-8', 2001, '化学工业出版社', 'X45', '&lt;p&gt;化学工业出版社环境类专业教材系列:本书内容包括大气和废气监测、水和废水监测、土壤污染与固体废物监测、生物污染监测、噪声污染监测和现代环境监测技术等。&lt;/p&gt;\r\n\r\n&lt;p&gt;&amp;nbsp;&lt;/p&gt;\r\n', './Uploads/20150607/5573a83265090.jpg', '40.00', 0),
(75, '吴亮自选集', '9787537842556', 2015, '北岳文艺出版社', 'J502', '&lt;p&gt;本书分为理论之前、目击者手记、理论之后、备份和后记五部分, 主要内容包括: 中国当代美术的今天处境 ; 什么是&amp;ldquo;政治波普&amp;rdquo; ; 当代艺术: 返回非艺术的知识事件 ; 寻找的终结 ; 不要把艺术家放到同一个秩序当中等。&amp;nbsp;&lt;/p&gt;\r\n', './Uploads/20150607/5573a8fa10204.jpg', '38.00', 0),
(76, '民商法律责任通论', '7-80182-531-4', 2005, '中国法制出版社', 'D923.04;D9', '&lt;p&gt;本书紧紧抓住民商事立法、司法中的法律责任可供研究、探讨的问题，就民商法律责任的分类、构成、归责、承担等总体方面和不同责任表现的具体方面进行体系性的研究和论述。&lt;/p&gt;\r\n', './Uploads/20150607/5573a9001055a.JPG', '35.00', 0),
(77, '药学文献检索与利用', '978-7-5067-4317-4', 2009, '中国医药科技出版社', 'G252.7', '&lt;p&gt;本书是全国高等医药院校药学类规划教材之一。是在参考了众多医药类文献检索教材的基础上结合药学特色编写而成的，该教材系统阐述了药学文献检索的基本理论和检索方法。全书共分二篇二十章。其中第一篇为理论篇包括第一章和第二章，系统介绍了药学文献检索的基本理论；第二篇共十八章，介绍了中外文药学文献常用检索工具、中外文常用光盘数据库的检索方法及网络数据库的检索方法及技巧，尤其是对Scitlnder Scholar...&lt;/p&gt;\r\n', './Uploads/20150607/5573a8e41830e.jpg', '46.00', 0),
(78, '交通安全', '7-5308-0128-7', 1987, '天津科学技术出版社', 'U491.3', '&lt;p&gt;本书描述了关于交通安全的防护与治理。警戒世人如何预防交通安全及在遇到交通事故之后如何进行自我救治。&lt;/p&gt;\r\n\r\n&lt;p&gt;&amp;nbsp;&lt;/p&gt;\r\n', './Uploads/20150607/5573a8d081b07.jpg', '58.70', 0),
(79, '油画艺术语言临界状态', '9787560349268', 2015, '哈尔滨工业大学出版社', 'J213/33', '&lt;p&gt;本书主要内容包括: 对画家个人语言的形成、风格的演变和形式的拓展进行分析, 对画家艺术创造中的价值范畴、不可重复性的个人语言和艺术风格、艺术价值实现等。&lt;/p&gt;\r\n', './Uploads/20150607/5573a94ae261c.jpg', '69.00', 0),
(80, '法律基础', '7-308-03450-X', 2003, '浙江大学出版社', 'D920.0', '&lt;p&gt;21世纪高等院校法学类课程教材:本书共分十章，主要内容包括：法的基础理论、宪法、民法、经济法律制度、民事诉讼、行政法、刑法、刑事诉讼、国际法。&lt;/p&gt;\r\n', './Uploads/20150607/5573a91717c78.jpg', '18.00', 0),
(81, '传统、现代和后现代的纠葛 新世纪中国电影', '9787548219774', 2015, ' 云南大学出版社', 'J905.2/246', '&lt;p&gt;本书采用文化研究的方法, 借鉴布迪厄的文化场域理论, 将电影划分为管控、创制、传播和接受四个不同的场域, 从传统、现代和后现代理论入手, 通过分析其不同的文化向度和中国特色及其在新世纪中国电影四个场域中具体的表现形态, 指出新世纪中国电影的各种问题的根本症结是传统、现代和后现代文化的并置和纠葛。&amp;nbsp;&lt;/p&gt;\r\n', './Uploads/20150607/5573a9955144e.jpg', '42.00', 0),
(82, '北京统计年鉴 2014 中英文对照', '978-7-5037-7116-3', 2014, '中国统计出版社', 'C832.1-54', '&lt;p&gt;《北京统计年鉴》是一部按年连续出版的大型统计资料。本年鉴通过大量的统计数据，真实地记录了北京市一年来经济社会发展变化情况，是国内外各界人士了解北京、认识北京的重要资料工具书。全书包括两部分：文章选编和统计表。文章选编：主要登载各种大型普查或专项调查公报，例如，人口普查、经济普查、农业普查，以及R&amp;amp;D资源清查公报等。统计表：包括24个章节，分别为综合，国民经济核算，人口与就业，能源、资源和环境，全社会固定资产投资和房地产开发，财政与税收，价格指数，人民生活，城市公用事业，农业及农村经济，工业，建筑业，交通运输邮电，批发和零售业、住宿和餐饮业，对外经济贸易，旅游业，金融和保险，教育、文化，科技，卫生、体育，社会福利、社区、政法及其他，第三产业，企业景气指数、消费者信心指数，开发区等24章。从多行业、多领域反映全市经济和社会发&amp;hellip;&amp;hellip;&lt;/p&gt;\r\n', './Uploads/20150607/5573a987d76af.jpg', '78.00', 0),
(83, '从人间世到幽冥界 唐代的法制、社会与国家', '7-301-12184-9', 2007, '北京大学出版社', 'D929.42', '&lt;p&gt;本书从&amp;ldquo;人间世&amp;rdquo;的法律犯罪课题延伸到&amp;ldquo;幽冥界&amp;rdquo;的地狱审判，讨论唐代法制的相关面向，包括：透过庶民犯罪，检视唐代诉讼制度的实际运作概况；庶民犯罪个案所彰显的社会治安概况与国家的因应措施；国家在建立法秩序的过程中，如何运用超越法律之外的其它宗教或信仰的力&amp;hellip;&amp;hellip;&lt;/p&gt;\r\n', './Uploads/20150607/5573a9959e9a4.jpg', '30.00', 0),
(84, '绘画形式语言研究', '9787539819471', 2009, '安徽美术出版社', 'J202/4', '&lt;p&gt;《绘画形式语言研究》是集中探讨绘画画面形式构成的权威著作。在绘画中画面的基本形式结构是绘画语言的核心内容。了解和掌握画面的形式语言对于每一位新生代的艺术家都将是一个巨大的挑战。这将直接关系到艺术作品的生命力和感染力，以及艺术家的成功。《绘画形式语言研究》由7章、35节，300余个知识点和800余幅插图构成，系统详尽地阐述了绘画形式语言的方方面面，以及其所需要的各类实用信息。是对中国高等美术院校现有教学体系和教学内容不足的有益补充。《绘画形式语言研究》是作者第15本专著，作者在书中把当代人文社会科学的学术视野和研究成果，融入绘画形式语言的探索和研究中，在新的理性思考下，试图建设适应视觉文化时代艺术创作语境的绘画形式观念，基本原则和方法论体系，为当代绘画创作、教学、鉴赏实践提供有益思想资源。&lt;/p&gt;\r\n', './Uploads/20150607/5573aa10cf438.jpg', '68.00', 0),
(85, '临床药理学', '978-7-306-02933-1', 2007, '中山大学出版社', 'R969', '&lt;p&gt;本书对一版作了补充和完善，分20章对临床药理学的内容进行全面介绍。&lt;/p&gt;\r\n', './Uploads/20150607/5573aa5620758.jpg', '42.00', 0),
(86, '东南亚华人的政治参与', '7-80120-872-2', 2004, '中国华侨出版社', 'D634.333', '&lt;p&gt;本书试图从政治学的角度透视东南亚华人，研究东南亚华人政治参与的历史、现状与前景，探索影响东南亚华人政治参与的各种因素，总结东南亚华人政治参与的发展规律。&lt;/p&gt;\r\n', './Uploads/20150607/5573aa2815f31.jpg', '34.00', 0),
(87, '近代女诗人研究', '9787566811073', 2014, '暨南大学出版社', 'K825.6/112', '&lt;p&gt;暨南大学广东省重点学科&amp;ldquo;中国语言文学&amp;rdquo;建设经费资助 2012年广东省普通高校优秀青年创新人才培养计划项目(2012WYM-0047)资助 第53批中国博士后科学基金资助(2013M531860)&amp;nbsp;&lt;/p&gt;\r\n', './Uploads/20150607/5573aa98b864f.jpg', '60.00', 0),
(88, '农业经济学', '7-80636-791-8', 2005, '山西经济出版社', 'F30', '&lt;p&gt;普通高等教育&amp;ldquo;十五&amp;rdquo;国家级规划教材:本教材包括：农产品需求和消费、农产品供给及生产、农产品国际贸易、农业自然资源、农业劳动力、农业科学技术、农业政策与法规等。&lt;/p&gt;\r\n', './Uploads/20150607/5573aa9bc11a2.jpg', '41.00', 0),
(89, '文明之旅 被遗忘的伟大发明', ' 9787115352125', 2014, '人民邮电出版社', 'K11/8a', '&lt;p&gt;本书出奇制胜地从人们的日常生活出发，提炼和考证了吃、穿、住、用、行、玩等方面的古代先人的发明贡献，涉及70个专题，精心选配了世界各地著名博物馆的550多幅藏品图片，向读者展现了人类征服自然、改造世界的超强智慧和杰出才能。&lt;/p&gt;\r\n', './Uploads/20150607/5573ab433d006.jpg', '98.00', 0),
(90, '环境法', '7-80010-683-7', 1990, '中国环境科学出版社', 'D922.684', '&lt;p&gt;此书为中国环境科学出版社编辑的巨著。&lt;/p&gt;\r\n', './Uploads/20150607/5573aa7376554.jpg', '6.50', 0),
(91, '孙子兵法大辞典', '7-5427-0684-5', 1994, '上海科学普及出版社', 'E892.25-61', '&lt;p&gt;由《孙子兵法》的校译、词汇解释、研究文献概要、研究信息及书录等内容组成。&lt;/p&gt;\r\n', './Uploads/20150607/5573ab79691b0.JPG', '0.00', 0),
(92, '中国行政区划通史', '9787309105230', 2014, ' 复旦大学出版社', 'K928.2/36:', '&lt;p&gt;国家自然科学基金项目 国家社会科学基金项目 (11AZS010) 教育部人文社会科学重点研究基地重大项目 (2009JJD770012) 上海市哲学社会科学基金项目 (2010BLS005)&amp;nbsp;&lt;/p&gt;\r\n', './Uploads/20150607/5573abaf66ea2.jpg', '50.00', 0),
(93, '渔业现代化与可持续发展', '978-7-5027-7318-2', 2009, '海洋出版社', 'F32', '&lt;p&gt;&amp;nbsp;本书内容共分为七个专题，分别是：水产生物技术，渔捞工程技术，高效养殖技术，水产品加工与质量安全，生态环境与资源保护技术，节能减排工程技术，渔业信息技术。&lt;/p&gt;\r\n', './Uploads/20150607/5573ae0fe35ae.jpg', '80.00', 0),
(94, ' 徽州宗族调查研究', '9787010135793', 2014, '人民出版社', 'K820.9/151', '&lt;p&gt;本书作者选取了最具代表性的徽州宗族问题进行剖析，阐述了徽州宗族的形成、宗族组织、宗族活动及族规家法等，论述了宗族的基本特征及其影响，论证了徽州宗族的来源及其文化特质。&amp;nbsp;&lt;/p&gt;\r\n', './Uploads/20150607/5573abda312a9.jpg', '78.00', 0),
(95, '经济学原理', '7-111-12677-7', 2003, '机械工业出版社', 'F0', '&lt;p&gt;本书主要从供给与需求、企业行为与消费者选择理论、长期经济增长与短期经济波动以及宏观经济政策等角度阐述经济学基本原理与理论。&lt;/p&gt;\r\n', './Uploads/20150607/5573ab981daab.jpg', '298.00', 0),
(96, '矿业权评估 理论、方法、参数概论', '7-80097-704-8', 2004, '中国大地出版社', 'F407.16', '&lt;p&gt;本书探讨了矿业权评估的理论、方法和参数问题。内容包括：矿产资源和矿业权的资产属性和商品属性、矿产资源和矿业权价值的理论基础、矿业权评估方法等。&lt;/p&gt;\r\n', './Uploads/20150607/5573abfab01ef.jpg', '36.00', 0),
(97, '汽车设计', '7-111-01291-7', 1996, '机械工业出版社', 'U462.1', '&lt;p&gt;机械工业出版社于上世纪90年代创作的专著。&lt;/p&gt;\r\n', './Uploads/20150607/5573abc421924.jpg', '9.90', 0),
(98, '现代科技发展概论', '9787305053443', 2008, ' 南京大学出版社', 'N1/58', '&lt;p&gt;本书是一本针对普通高校文科大学生科技素质教育而编写的教材。全书共分三篇: 第一篇科学技术总论, 主要阐述了科学与技术的概念、相互关系以及世界科技强国发展简史 ; 第二篇当代自然科学基础与前沿, 简要介绍了当前自然科学重大基本问题和前沿热点 ; 第三篇现代高新技术, 概括介绍了现代高新技术主要领域的发展概况以及最新动态, 旨在提供一幅现代科技发展的&amp;ldquo;全景图&amp;rdquo;。&lt;/p&gt;\r\n', './Uploads/20150607/5573ac6e85f01.jpg', '35.00', 0),
(99, '博弈论与信息经济学', '978-7-5432-2075-1', 2012, '上海人民出版社', 'F062.5;O22', '&lt;p&gt;《博弈论与信息经济学》旨在对博弈论和信息经济学的主要内容和研究方法作比较全面系统的讨论和分析，引导读者运用书中介绍的理论分析现实的经济现象。《博弈论与信息经济学》不但涵盖了子对政策完美均衡、序贯均衡（贝叶斯完美均衡）这些高深且最适合用来分析中国经济体制的对策模型，而且对委托人&amp;mdash;代理人模型、效率工资、各种&amp;ldquo;逆向选择&amp;rdquo;模型有深入的介绍。在写这本书时作者假定读者有中级微观经济学基础，但并不具有博弈论的入门知识，因此，本书对博弈论的核心概念的引入是循序渐进的。&lt;/p&gt;\r\n', './Uploads/20150607/5573ac4db513f.jpg', '40.00', 0),
(100, '中外科技史概要', '7300011268', 1991, '中国人民大学出版社', 'N091/17', '&lt;p&gt;本书共分5编,介绍了古代中世纪、近代、现代中外科技发 展的历史。 Ben Shu Gong Fen 5 Bian , Jie shao Le Gu dai Zhong shi ji Jin dai Xian dai Zhong wai Ke ji Fa Zhan De Li shi&amp;nbsp;&lt;/p&gt;\r\n', './Uploads/20150607/5573acfaa2bb5.jpg', '48.00', 0),
(101, '汽车营销', '978-7-5609-8134-5', 2013, '华中科技大学出版社', 'F766', '&lt;p&gt;本书系统深入地分析和阐述了汽车营销的基本原理。包括：汽车社会与市场营销、市场营销基本原理、汽车营销战略与管理、汽车营销策略、汽车营销实务、二手车鉴定评估与销售、汽车营销人力资源开发等内容。&lt;/p&gt;\r\n', './Uploads/20150607/5573acbd7bdc1.jpg', '32.00', 0),
(102, '经济管理', '7-80741-218-6', 2007, '文汇出版社', 'F20', '&lt;p&gt;2008年上海市公务员录用考试专业科目专用教材/王博，何云峰，苏萍主编:本书共分四部分，内容包括：产业组织理论、产业结构理论、经济增长与经济发展、城市经济与管理。&lt;/p&gt;\r\n', './Uploads/20150607/5573aced394d9.jpg', '30.00', 0),
(103, '建筑科学基础', '7-80159-820-2', 2005, '中国建材工业出版社', 'TU-43', '&lt;p&gt;汉英双语教材:本书主要内容：1.环境&amp;middot;人&amp;middot;建筑。2.建筑科学基础：地基、基础；墙：一般构造，防水防潮，散水绿化；冬季建筑热学；隔墙&amp;middot;隔空气声&amp;middot;噪声控制等。&lt;/p&gt;\r\n', './Uploads/20150607/5573ad1c67045.jpg', '20.00', 0),
(104, '文化认同与文化变迁', '7-5004-1239-8', 1992, '中国社会科学出版社', 'G03', '&lt;p&gt;阐述民族文化对民族的存在与发展所具有的价值,人类超越文化间的樊篱,达到融合发展的契机以及人类文化的走向等问题。&lt;/p&gt;\r\n', './Uploads/20150607/5573ad813d04b.jpg', '0.00', 0),
(105, '追风筝的人', '7-208-06164-5', 2006, '上海人民出版社', 'I712.45', '&lt;p&gt;本书讲述的是：12岁的富家少爷阿米尔与仆人哈山情同手足，因为一场风筝比赛，两人的亲密友谊从此发生了改变。&lt;/p&gt;\r\n', './Uploads/20150607/5573ad8b5cec1.jpg', '30.90', 0),
(106, '旅游文化传播学研究', '978-7-5614-4267-8', 2009, '四川大学出版社', 'F590G206', '&lt;p&gt;本书共分十章，内容包括：旅游以及旅游文化；旅游文化传播学的研究架构；旅游文化在主体内的运行&amp;mdash;&amp;mdash;人内传播；旅游文化的人际传播；旅游文化的大众传播；旅游文化传播中的物化、活动化和程式化符号等。&lt;/p&gt;\r\n', './Uploads/20150607/5573ae942496e.JPG', '25.00', 0),
(107, '川藏线涂鸦文化研究', '9787308140591', 2014, '浙江大学出版社', 'J205.2/50', '&lt;p&gt;本书分12章,主要内容包括:涂鸦中的正能量、涂鸦中的青春与梦想、涂鸦中的情与爱、涂鸦中的人生、涂鸦中的吃住行、涂鸦中的的不和谐等。&amp;nbsp;&lt;/p&gt;\r\n', './Uploads/20150607/5573aea1a535f.jpg', '120.00', 0),
(108, '水利工程(第二版)', '7-120-01738-2', 1997, '水利电力出版社', 'TV', '&lt;p&gt;高等学校教材:内容包括:水库工程、闸坝工程、水力发电工程、农田水力工程、给排水工程、治河防洪工程、内河航运和渔业工程以及水利发电工程的勘测、设计、施工和管理等。&lt;/p&gt;\r\n', './Uploads/20150607/5573ae6d78024.jpg', '4.75', 0),
(109, '水利工程', '7-120-01738-1', 1993, '水利电力出版社', 'TV', '&lt;p&gt;高等学校教材:内容包括:水库工程、闸坝工程、水力发电工程、农田水力工程、给排水工程、治河防洪工程、内河航运和渔业工程以及水利发电工程的勘测、设计、施工和管理等。&lt;/p&gt;\r\n', './Uploads/20150607/5573ae6d78024.jpg', '4.75', 0),
(110, '博弈论与信息经济学', '7-208-05276-X', 2004, '上海人民出版社', 'F224.32;F0', '&lt;p&gt;本书对完全信息静态博弈、完全信息动态博弈、不完全信息静态博弈、不完全信息动态博弈、委托&amp;mdash;代理理论、逆向选择与信号传递等内容进行了研究。&lt;/p&gt;\r\n', './Uploads/20150607/5573ae892d037.jpg', '40.00', 0),
(111, '博弈论与信息经济学', '7-208-05276-X', 2004, '上海人民出版社', 'F224.32;F0', '&lt;p&gt;本书对完全信息静态博弈、完全信息动态博弈、不完全信息静态博弈、不完全信息动态博弈、委托&amp;mdash;代理理论、逆向选择与信号传递等内容进行了研究。&lt;/p&gt;\r\n', './Uploads/20150607/5573ae892d037.jpg', '40.00', 0);

-- --------------------------------------------------------

--
-- 表的结构 `yzz_book_booked`
--

DROP TABLE IF EXISTS `yzz_book_booked`;
CREATE TABLE IF NOT EXISTS `yzz_book_booked` (
`id` int(5) NOT NULL,
  `userid` char(15) NOT NULL,
  `bookid` int(5) DEFAULT NULL,
  `bookedtime` int(15) NOT NULL,
  `status` int(2) NOT NULL DEFAULT '0'
) ENGINE=InnoDB AUTO_INCREMENT=6 DEFAULT CHARSET=utf8;

--
-- 转存表中的数据 `yzz_book_booked`
--

INSERT INTO `yzz_book_booked` (`id`, `userid`, `bookid`, `bookedtime`, `status`) VALUES
(5, '1200016604', 11, 1435771161, 1);

-- --------------------------------------------------------

--
-- 表的结构 `yzz_book_borrow`
--

DROP TABLE IF EXISTS `yzz_book_borrow`;
CREATE TABLE IF NOT EXISTS `yzz_book_borrow` (
`id` int(5) NOT NULL,
  `userid` char(15) NOT NULL,
  `copyid` int(5) DEFAULT NULL,
  `borrowtime` int(15) NOT NULL,
  `returntime` int(15) DEFAULT NULL,
  `status` int(3) NOT NULL DEFAULT '0',
  `xjcs` int(1) NOT NULL DEFAULT '0' COMMENT '续借次数'
) ENGINE=InnoDB AUTO_INCREMENT=31 DEFAULT CHARSET=utf8;

--
-- 转存表中的数据 `yzz_book_borrow`
--

INSERT INTO `yzz_book_borrow` (`id`, `userid`, `copyid`, `borrowtime`, `returntime`, `status`, `xjcs`) VALUES
(14, '1200016607', 3, 1435762414, 1435762936, 1, 0),
(15, '1200016605', 3, 1435763037, 1435799935, 1, 0),
(16, '1200016607', 142, 1435763668, 1435774357, 1, 0),
(17, '1200016605', 143, 1435763691, 1435799958, 1, 0),
(18, '1200016604', 4, 1435766344, 1435774111, 1, 0),
(19, '1200016604', 4, 1438358344, NULL, 0, 1),
(20, '1200016605', 142, 1435774620, 1435774684, 1, 0),
(21, '1200016604', 142, 1435775530, 1435775738, 1, 0),
(22, '1200016604', 142, 1435775810, 1435799955, 1, 0),
(23, '1200016609', 3, 1435799997, 1435800121, 1, 0),
(24, '1200016609', 142, 1435800016, 1435800124, 1, 0),
(25, '1200016609', 143, 1435800037, 1435800126, 1, 0),
(26, '1200016609', 3, 1435820329, 1435821650, 1, 0),
(27, '1200016609', 142, 1435820420, 1435821731, 1, 0),
(28, '1200016609', 143, 1435820834, 1435821737, 1, 0),
(30, '1200016606', 3, 1435821990, 1435822002, 1, 0);

-- --------------------------------------------------------

--
-- 表的结构 `yzz_copy`
--

DROP TABLE IF EXISTS `yzz_copy`;
CREATE TABLE IF NOT EXISTS `yzz_copy` (
`copyid` int(5) NOT NULL,
  `bookid` int(5) NOT NULL,
  `is_borrowed` int(2) DEFAULT '0',
  `is_lost` int(2) DEFAULT '0'
) ENGINE=InnoDB AUTO_INCREMENT=144 DEFAULT CHARSET=utf8;

--
-- 转存表中的数据 `yzz_copy`
--

INSERT INTO `yzz_copy` (`copyid`, `bookid`, `is_borrowed`, `is_lost`) VALUES
(3, 11, 0, 0),
(4, 12, 1, 0),
(5, 13, 0, 0),
(6, 14, 0, 0),
(7, 15, 0, 0),
(8, 16, 0, 0),
(9, 17, 0, 0),
(10, 18, 0, 0),
(11, 19, 0, 0),
(12, 20, 0, 0),
(13, 21, 0, 0),
(14, 22, 0, 0),
(15, 23, 0, 0),
(16, 24, 0, 0),
(17, 25, 0, 0),
(18, 26, 0, 0),
(19, 27, 0, 0),
(20, 28, 0, 0),
(21, 29, 0, 0),
(22, 30, 0, 0),
(23, 31, 0, 0),
(24, 32, 0, 0),
(25, 33, 0, 0),
(26, 34, 0, 0),
(27, 35, 0, 0),
(28, 36, 0, 0),
(29, 37, 0, 0),
(30, 38, 0, 0),
(31, 39, 0, 0),
(32, 40, 0, 0),
(33, 41, 0, 0),
(34, 42, 0, 0),
(35, 43, 0, 0),
(36, 44, 0, 0),
(37, 45, 0, 0),
(38, 46, 0, 0),
(39, 47, 0, 0),
(40, 48, 0, 0),
(41, 49, 0, 0),
(42, 50, 0, 0),
(43, 51, 0, 0),
(44, 52, 0, 0),
(45, 53, 0, 0),
(46, 54, 0, 0),
(47, 55, 0, 0),
(48, 56, 0, 0),
(49, 57, 0, 0),
(50, 58, 0, 0),
(51, 59, 0, 0),
(52, 60, 0, 0),
(53, 61, 0, 0),
(54, 62, 0, 0),
(55, 63, 0, 0),
(56, 64, 0, 0),
(57, 65, 0, 0),
(58, 66, 0, 0),
(59, 67, 0, 0),
(60, 68, 0, 0),
(61, 69, 0, 0),
(62, 70, 0, 0),
(63, 71, 0, 0),
(64, 72, 0, 0),
(65, 73, 0, 0),
(66, 74, 0, 0),
(67, 75, 0, 0),
(68, 76, 0, 0),
(69, 77, 0, 0),
(70, 78, 0, 0),
(71, 79, 0, 0),
(72, 80, 0, 0),
(73, 81, 0, 0),
(74, 82, 0, 0),
(75, 83, 0, 0),
(76, 84, 0, 0),
(77, 85, 0, 0),
(78, 86, 0, 0),
(79, 87, 0, 0),
(80, 88, 0, 0),
(81, 89, 0, 0),
(82, 90, 0, 0),
(83, 91, 0, 0),
(84, 92, 0, 0),
(85, 93, 0, 0),
(86, 94, 0, 0),
(87, 95, 0, 0),
(88, 96, 0, 0),
(89, 97, 0, 0),
(90, 98, 0, 0),
(91, 99, 0, 0),
(92, 100, 0, 0),
(93, 101, 0, 0),
(94, 102, 0, 0),
(95, 103, 0, 0),
(96, 104, 0, 0),
(97, 105, 0, 0),
(98, 106, 0, 0),
(99, 107, 0, 0),
(100, 108, 0, 0),
(101, 109, 0, 0),
(102, 110, 0, 0),
(103, 111, 0, 0),
(142, 11, 0, 0),
(143, 11, 0, 0);

-- --------------------------------------------------------

--
-- 表的结构 `yzz_cos`
--

DROP TABLE IF EXISTS `yzz_cos`;
CREATE TABLE IF NOT EXISTS `yzz_cos` (
  `bookid1` int(5) NOT NULL,
  `bookid2` int(5) NOT NULL,
  `value` float(6,6) NOT NULL DEFAULT '0.000000'
) ENGINE=InnoDB DEFAULT CHARSET=utf8;

--
-- 转存表中的数据 `yzz_cos`
--

INSERT INTO `yzz_cos` (`bookid1`, `bookid2`, `value`) VALUES
(11, 11, 0.999999),
(11, 12, 0.750000),
(11, 13, 0.000000),
(11, 14, 0.000000),
(11, 15, 0.000000),
(11, 16, 0.000000),
(11, 17, 0.000000),
(11, 18, 0.000000),
(11, 19, 0.000000),
(11, 20, 0.000000),
(11, 21, 0.000000),
(11, 22, 0.000000),
(11, 23, 0.000000),
(11, 24, 0.000000),
(11, 25, 0.000000),
(11, 26, 0.000000),
(11, 27, 0.000000),
(11, 28, 0.000000),
(11, 29, 0.000000),
(11, 30, 0.000000),
(11, 31, 0.000000),
(11, 32, 0.000000),
(11, 33, 0.000000),
(11, 34, 0.000000),
(11, 35, 0.000000),
(11, 36, 0.000000),
(11, 37, 0.000000),
(11, 38, 0.000000),
(11, 39, 0.000000),
(11, 40, 0.000000),
(11, 41, 0.000000),
(11, 42, 0.000000),
(11, 43, 0.000000),
(11, 44, 0.000000),
(11, 45, 0.000000),
(11, 46, 0.000000),
(11, 47, 0.000000),
(11, 48, 0.000000),
(11, 49, 0.000000),
(11, 50, 0.000000),
(11, 51, 0.000000),
(11, 52, 0.000000),
(11, 53, 0.000000),
(11, 54, 0.000000),
(11, 55, 0.000000),
(11, 56, 0.046625),
(11, 57, 0.000000),
(11, 58, 0.000000),
(11, 59, 0.000000),
(11, 60, 0.000000),
(11, 61, 0.000000),
(11, 62, 0.000000),
(11, 63, 0.000000),
(11, 64, 0.000000),
(11, 65, 0.000000),
(11, 66, 0.000000),
(11, 67, 0.000000),
(11, 68, 0.000000),
(11, 69, 0.000000),
(11, 70, 0.000000),
(11, 71, 0.000000),
(11, 72, 0.000000),
(11, 73, 0.000000),
(11, 74, 0.000000),
(11, 75, 0.000000),
(11, 76, 0.000000),
(11, 77, 0.000000),
(11, 78, 0.000000),
(11, 79, 0.000000),
(11, 80, 0.000000),
(11, 81, 0.000000),
(11, 82, 0.000000),
(11, 83, 0.000000),
(11, 84, 0.000000),
(11, 85, 0.000000),
(11, 86, 0.000000),
(11, 87, 0.000000),
(11, 88, 0.000000),
(11, 89, 0.000000),
(11, 90, 0.000000),
(11, 91, 0.000000),
(11, 92, 0.000000),
(11, 93, 0.000000),
(11, 94, 0.000000),
(11, 95, 0.000000),
(11, 96, 0.000000),
(11, 97, 0.000000),
(11, 98, 0.000000),
(11, 99, 0.000000),
(11, 100, 0.000000),
(11, 101, 0.000000),
(11, 102, 0.000000),
(11, 103, 0.000000),
(11, 104, 0.000000),
(11, 105, 0.000000),
(11, 106, 0.000000),
(11, 107, 0.000000),
(11, 108, 0.000000),
(11, 109, 0.000000),
(11, 110, 0.000000),
(11, 111, 0.000000),
(12, 12, 0.999999),
(12, 13, 0.000000),
(12, 14, 0.000000),
(12, 15, 0.000000),
(12, 16, 0.000000),
(12, 17, 0.000000),
(12, 18, 0.000000),
(12, 19, 0.000000),
(12, 20, 0.000000),
(12, 21, 0.000000),
(12, 22, 0.000000),
(12, 23, 0.000000),
(12, 24, 0.000000),
(12, 25, 0.000000),
(12, 26, 0.000000),
(12, 27, 0.000000),
(12, 28, 0.000000),
(12, 29, 0.000000),
(12, 30, 0.000000),
(12, 31, 0.000000),
(12, 32, 0.000000),
(12, 33, 0.000000),
(12, 34, 0.000000),
(12, 35, 0.000000),
(12, 36, 0.000000),
(12, 37, 0.000000),
(12, 38, 0.000000),
(12, 39, 0.000000),
(12, 40, 0.000000),
(12, 41, 0.000000),
(12, 42, 0.000000),
(12, 43, 0.000000),
(12, 44, 0.000000),
(12, 45, 0.000000),
(12, 46, 0.000000),
(12, 47, 0.000000),
(12, 48, 0.000000),
(12, 49, 0.000000),
(12, 50, 0.000000),
(12, 51, 0.000000),
(12, 52, 0.000000),
(12, 53, 0.000000),
(12, 54, 0.000000),
(12, 55, 0.000000),
(12, 56, 0.000000),
(12, 57, 0.000000),
(12, 58, 0.000000),
(12, 59, 0.000000),
(12, 60, 0.000000),
(12, 61, 0.000000),
(12, 62, 0.000000),
(12, 63, 0.000000),
(12, 64, 0.000000),
(12, 65, 0.000000),
(12, 66, 0.000000),
(12, 67, 0.000000),
(12, 68, 0.000000),
(12, 69, 0.000000),
(12, 70, 0.000000),
(12, 71, 0.000000),
(12, 72, 0.000000),
(12, 73, 0.000000),
(12, 74, 0.000000),
(12, 75, 0.000000),
(12, 76, 0.000000),
(12, 77, 0.000000),
(12, 78, 0.000000),
(12, 79, 0.000000),
(12, 80, 0.000000),
(12, 81, 0.000000),
(12, 82, 0.000000),
(12, 83, 0.000000),
(12, 84, 0.000000),
(12, 85, 0.000000),
(12, 86, 0.000000),
(12, 87, 0.000000),
(12, 88, 0.000000),
(12, 89, 0.000000),
(12, 90, 0.000000),
(12, 91, 0.000000),
(12, 92, 0.000000),
(12, 93, 0.000000),
(12, 94, 0.000000),
(12, 95, 0.000000),
(12, 96, 0.000000),
(12, 97, 0.000000),
(12, 98, 0.000000),
(12, 99, 0.039778),
(12, 100, 0.000000),
(12, 101, 0.000000),
(12, 102, 0.000000),
(12, 103, 0.000000),
(12, 104, 0.000000),
(12, 105, 0.000000),
(12, 106, 0.000000),
(12, 107, 0.000000),
(12, 108, 0.000000),
(12, 109, 0.000000),
(12, 110, 0.000000),
(12, 111, 0.000000),
(13, 13, 0.999999),
(13, 14, 0.036370),
(13, 15, 0.000000),
(13, 16, 0.039841),
(13, 17, 0.051434),
(13, 18, 0.058321),
(13, 19, 0.000000),
(13, 20, 0.000000),
(13, 21, 0.059761),
(13, 22, 0.045175),
(13, 23, 0.058321),
(13, 24, 0.000000),
(13, 25, 0.000000),
(13, 26, 0.018781),
(13, 27, 0.048002),
(13, 28, 0.084515),
(13, 29, 0.055728),
(13, 30, 0.000000),
(13, 31, 0.071714),
(13, 32, 0.085592),
(13, 33, 0.188982),
(13, 34, 0.038576),
(13, 35, 0.071714),
(13, 36, 0.055728),
(13, 37, 0.119523),
(13, 38, 0.109109),
(13, 39, 0.104828),
(13, 40, 0.044544),
(13, 41, 0.082479),
(13, 42, 0.020378),
(13, 43, 0.094491),
(13, 44, 0.073422),
(13, 45, 0.041239),
(13, 46, 0.101597),
(13, 47, 0.077968),
(13, 48, 0.029514),
(13, 49, 0.071429),
(13, 50, 0.038984),
(13, 51, 0.017434),
(13, 52, 0.040757),
(13, 53, 0.072075),
(13, 54, 0.011766),
(13, 55, 0.058321),
(13, 56, 0.049844),
(13, 57, 0.000000),
(13, 58, 0.033672),
(13, 59, 0.017324),
(13, 60, 0.051434),
(13, 61, 0.046524),
(13, 62, 0.031281),
(13, 63, 0.099258),
(13, 64, 0.045835),
(13, 65, 0.034219),
(13, 66, 0.000000),
(13, 67, 0.119523),
(13, 68, 0.018356),
(13, 69, 0.048002),
(13, 70, 0.139573),
(13, 71, 0.091670),
(13, 72, 0.024815),
(13, 73, 0.037424),
(13, 74, 0.074848),
(13, 75, 0.085592),
(13, 76, 0.044544),
(13, 77, 0.020559),
(13, 78, 0.062994),
(13, 79, 0.080582),
(13, 80, 0.109109),
(13, 81, 0.026593),
(13, 82, 0.040177),
(13, 83, 0.030261),
(13, 84, 0.000000),
(13, 85, 0.071429),
(13, 86, 0.032898),
(13, 87, 0.000000),
(13, 88, 0.000000),
(13, 89, 0.040291),
(13, 90, 0.000000),
(13, 91, 0.000000),
(13, 92, 0.000000),
(13, 93, 0.048002),
(13, 94, 0.032174),
(13, 95, 0.101015),
(13, 96, 0.039841),
(13, 97, 0.000000),
(13, 98, 0.158777),
(13, 99, 0.063786),
(13, 100, 0.070799),
(13, 101, 0.028017),
(13, 102, 0.090351),
(13, 103, 0.076360),
(13, 104, 0.000000),
(13, 105, 0.059761),
(13, 106, 0.033408),
(13, 107, 0.056659),
(13, 108, 0.225221),
(13, 109, 0.225221),
(13, 110, 0.031497),
(13, 111, 0.031497),
(14, 14, 0.999999),
(14, 15, 0.000000),
(14, 16, 0.060858),
(14, 17, 0.052378),
(14, 18, 0.148478),
(14, 19, 0.070014),
(14, 20, 0.070014),
(14, 21, 0.030429),
(14, 22, 0.161015),
(14, 23, 0.148478),
(14, 24, 0.027081),
(14, 25, 0.027081),
(14, 26, 0.052596),
(14, 27, 0.000000),
(14, 28, 0.172133),
(14, 29, 0.113501),
(14, 30, 0.000000),
(14, 31, 0.024343),
(14, 32, 0.021791),
(14, 33, 0.048113),
(14, 34, 0.058926),
(14, 35, 0.024343),
(14, 36, 0.085126),
(14, 37, 0.091287),
(14, 38, 0.000000),
(14, 39, 0.026688),
(14, 40, 0.068041),
(14, 41, 0.167984),
(14, 42, 0.000000),
(14, 43, 0.048113),
(14, 44, 0.018692),
(14, 45, 0.000000),
(14, 46, 0.062077),
(14, 47, 0.059549),
(14, 48, 0.030056),
(14, 49, 0.036370),
(14, 50, 0.039699),
(14, 51, 0.017754),
(14, 52, 0.041505),
(14, 53, 0.018349),
(14, 54, 0.000000),
(14, 55, 0.178174),
(14, 56, 0.025380),
(14, 57, 0.000000),
(14, 58, 0.008572),
(14, 59, 0.026463),
(14, 60, 0.026189),
(14, 61, 0.047378),
(14, 62, 0.063709),
(14, 63, 0.025270),
(14, 64, 0.210042),
(14, 65, 0.017424),
(14, 66, 0.000000),
(14, 67, 0.121716),
(14, 68, 0.009346),
(14, 69, 0.024441),
(14, 70, 0.071067),
(14, 71, 0.046676),
(14, 72, 0.012635),
(14, 73, 0.076222),
(14, 74, 0.076222),
(14, 75, 0.021791),
(14, 76, 0.045361),
(14, 77, 0.094211),
(14, 78, 0.032075),
(14, 79, 0.020515),
(14, 80, 0.027778),
(14, 81, 0.013541),
(14, 82, 0.040914),
(14, 83, 0.015408),
(14, 84, 0.021398),
(14, 85, 0.145479),
(14, 86, 0.016751),
(14, 87, 0.000000),
(14, 88, 0.021253),
(14, 89, 0.020515),
(14, 90, 0.000000),
(14, 91, 0.033005),
(14, 92, 0.000000),
(14, 93, 0.048882),
(14, 94, 0.049147),
(14, 95, 0.077152),
(14, 96, 0.020286),
(14, 97, 0.000000),
(14, 98, 0.094319),
(14, 99, 0.075783),
(14, 100, 0.054074),
(14, 101, 0.085592),
(14, 102, 0.023002),
(14, 103, 0.097202),
(14, 104, 0.000000),
(14, 105, 0.030429),
(14, 106, 0.034021),
(14, 107, 0.014425),
(14, 108, 0.016382),
(14, 109, 0.016382),
(14, 110, 0.032075),
(14, 111, 0.032075),
(15, 15, 0.999999),
(15, 16, 0.000000),
(15, 17, 0.000000),
(15, 18, 0.000000),
(15, 19, 0.000000),
(15, 20, 0.000000),
(15, 21, 0.000000),
(15, 22, 0.000000),
(15, 23, 0.000000),
(15, 24, 0.000000),
(15, 25, 0.000000),
(15, 26, 0.000000),
(15, 27, 0.000000),
(15, 28, 0.000000),
(15, 29, 0.000000),
(15, 30, 0.000000),
(15, 31, 0.000000),
(15, 32, 0.000000),
(15, 33, 0.000000),
(15, 34, 0.000000),
(15, 35, 0.000000),
(15, 36, 0.000000),
(15, 37, 0.000000),
(15, 38, 0.000000),
(15, 39, 0.196116),
(15, 40, 0.000000),
(15, 41, 0.000000),
(15, 42, 0.000000),
(15, 43, 0.000000),
(15, 44, 0.000000),
(15, 45, 0.000000),
(15, 46, 0.000000),
(15, 47, 0.000000),
(15, 48, 0.000000),
(15, 49, 0.000000),
(15, 50, 0.000000),
(15, 51, 0.000000),
(15, 52, 0.000000),
(15, 53, 0.000000),
(15, 54, 0.088045),
(15, 55, 0.000000),
(15, 56, 0.000000),
(15, 57, 0.000000),
(15, 58, 0.000000),
(15, 59, 0.000000),
(15, 60, 0.000000),
(15, 61, 0.000000),
(15, 62, 0.000000),
(15, 63, 0.000000),
(15, 64, 0.000000),
(15, 65, 0.000000),
(15, 66, 0.000000),
(15, 67, 0.000000),
(15, 68, 0.000000),
(15, 69, 0.000000),
(15, 70, 0.000000),
(15, 71, 0.000000),
(15, 72, 0.000000),
(15, 73, 0.000000),
(15, 74, 0.000000),
(15, 75, 0.000000),
(15, 76, 0.000000),
(15, 77, 0.000000),
(15, 78, 0.000000),
(15, 79, 0.000000),
(15, 80, 0.000000),
(15, 81, 0.000000),
(15, 82, 0.000000),
(15, 83, 0.000000),
(15, 84, 0.000000),
(15, 85, 0.000000),
(15, 86, 0.000000),
(15, 87, 0.000000),
(15, 88, 0.000000),
(15, 89, 0.000000),
(15, 90, 0.000000),
(15, 91, 0.000000),
(15, 92, 0.000000),
(15, 93, 0.000000),
(15, 94, 0.000000),
(15, 95, 0.000000),
(15, 96, 0.000000),
(15, 97, 0.000000),
(15, 98, 0.000000),
(15, 99, 0.000000),
(15, 100, 0.000000),
(15, 101, 0.000000),
(15, 102, 0.000000),
(15, 103, 0.142857),
(15, 104, 0.000000),
(15, 105, 0.000000),
(15, 106, 0.000000),
(15, 107, 0.000000),
(15, 108, 0.000000),
(15, 109, 0.000000),
(15, 110, 0.000000),
(15, 111, 0.000000),
(16, 16, 0.999999),
(16, 17, 0.028689),
(16, 18, 0.032530),
(16, 19, 0.025565),
(16, 20, 0.025565),
(16, 21, 0.033333),
(16, 22, 0.050395),
(16, 23, 0.032530),
(16, 24, 0.014833),
(16, 25, 0.014833),
(16, 26, 0.015713),
(16, 27, 0.000000),
(16, 28, 0.094281),
(16, 29, 0.031083),
(16, 30, 0.000000),
(16, 31, 0.106667),
(16, 32, 0.023870),
(16, 33, 0.052705),
(16, 34, 0.086066),
(16, 35, 0.106667),
(16, 36, 0.031083),
(16, 37, 0.166667),
(16, 38, 0.000000),
(16, 39, 0.263117),
(16, 40, 0.049690),
(16, 41, 0.184017),
(16, 42, 0.136399),
(16, 43, 0.052705),
(16, 44, 0.225242),
(16, 45, 0.023002),
(16, 46, 0.011334),
(16, 47, 0.021744),
(16, 48, 0.016462),
(16, 49, 0.039841),
(16, 50, 0.043489),
(16, 51, 0.476492),
(16, 52, 0.022733),
(16, 53, 0.020101),
(16, 54, 0.551249),
(16, 55, 0.065060),
(16, 56, 0.013901),
(16, 57, 0.000000),
(16, 58, 0.009391),
(16, 59, 0.019326),
(16, 60, 0.028689),
(16, 61, 0.181650),
(16, 62, 0.017447),
(16, 63, 0.027682),
(16, 64, 0.076696),
(16, 65, 0.019087),
(16, 66, 0.000000),
(16, 67, 0.066667),
(16, 68, 0.194527),
(16, 69, 0.026774),
(16, 70, 0.025950),
(16, 71, 0.025565),
(16, 72, 0.013841),
(16, 73, 0.041748),
(16, 74, 0.041748),
(16, 75, 0.190964),
(16, 76, 0.024845),
(16, 77, 0.034401),
(16, 78, 0.035136),
(16, 79, 0.022473),
(16, 80, 0.030429),
(16, 81, 0.014833),
(16, 82, 0.000000),
(16, 83, 0.219427),
(16, 84, 0.000000),
(16, 85, 0.079682),
(16, 86, 0.018349),
(16, 87, 0.139686),
(16, 88, 0.139686),
(16, 89, 0.022473),
(16, 90, 0.000000),
(16, 91, 0.000000),
(16, 92, 0.000000),
(16, 93, 0.053548),
(16, 94, 0.017946),
(16, 95, 0.028172),
(16, 96, 0.022222),
(16, 97, 0.000000),
(16, 98, 0.132842),
(16, 99, 0.118595),
(16, 100, 0.039490),
(16, 101, 0.015627),
(16, 102, 0.025198),
(16, 103, 0.021296),
(16, 104, 0.000000),
(16, 105, 0.033333),
(16, 106, 0.018634),
(16, 107, 0.015802),
(16, 108, 0.000000),
(16, 109, 0.000000),
(16, 110, 0.017568),
(16, 111, 0.017568),
(17, 17, 0.999999),
(17, 18, 0.083992),
(17, 19, 0.000000),
(17, 20, 0.000000),
(17, 21, 0.043033),
(17, 22, 0.130120),
(17, 23, 0.083992),
(17, 24, 0.019149),
(17, 25, 0.019149),
(17, 26, 0.040572),
(17, 27, 0.069130),
(17, 28, 0.060858),
(17, 29, 0.080257),
(17, 30, 0.000000),
(17, 31, 0.051640),
(17, 32, 0.061633),
(17, 33, 0.068041),
(17, 34, 0.111111),
(17, 35, 0.051640),
(17, 36, 0.040129),
(17, 37, 0.086066),
(17, 38, 0.039284),
(17, 39, 0.075485),
(17, 40, 0.032075),
(17, 41, 0.178174),
(17, 42, 0.044023),
(17, 43, 0.068041),
(17, 44, 0.132175),
(17, 45, 0.029696),
(17, 46, 0.102422),
(17, 47, 0.028072),
(17, 48, 0.042505),
(17, 49, 0.102869),
(17, 50, 0.112287),
(17, 51, 0.025108),
(17, 52, 0.058697),
(17, 53, 0.129750),
(17, 54, 0.016944),
(17, 55, 0.083992),
(17, 56, 0.107676),
(17, 57, 0.086066),
(17, 58, 0.024246),
(17, 59, 0.074848),
(17, 60, 0.037037),
(17, 61, 0.033501),
(17, 62, 0.022525),
(17, 63, 0.071474),
(17, 64, 0.033005),
(17, 65, 0.024641),
(17, 66, 0.067003),
(17, 67, 0.086066),
(17, 68, 0.052870),
(17, 69, 0.069130),
(17, 70, 0.033501),
(17, 71, 0.099015),
(17, 72, 0.053606),
(17, 73, 0.053897),
(17, 74, 0.080845),
(17, 75, 0.061633),
(17, 76, 0.128300),
(17, 77, 0.014804),
(17, 78, 0.090722),
(17, 79, 0.087039),
(17, 80, 0.039284),
(17, 81, 0.114897),
(17, 82, 0.014465),
(17, 83, 0.043581),
(17, 84, 0.040349),
(17, 85, 0.102869),
(17, 86, 0.023689),
(17, 87, 0.030056),
(17, 88, 0.000000),
(17, 89, 0.058026),
(17, 90, 0.000000),
(17, 91, 0.046676),
(17, 92, 0.036370),
(17, 93, 0.103695),
(17, 94, 0.046337),
(17, 95, 0.036370),
(17, 96, 0.028689),
(17, 97, 0.000000),
(17, 98, 0.095277),
(17, 99, 0.122484),
(17, 100, 0.076472),
(17, 101, 0.060523),
(17, 102, 0.032530),
(17, 103, 0.054986),
(17, 104, 0.000000),
(17, 105, 0.043033),
(17, 106, 0.048113),
(17, 107, 0.163197),
(17, 108, 0.000000),
(17, 109, 0.000000),
(17, 110, 0.045361),
(17, 111, 0.045361),
(18, 18, 0.999999),
(18, 19, 0.000000),
(18, 20, 0.000000),
(18, 21, 0.048795),
(18, 22, 0.221313),
(18, 23, 0.999999),
(18, 24, 0.000000),
(18, 25, 0.000000),
(18, 26, 0.038337),
(18, 27, 0.000000),
(18, 28, 0.069007),
(18, 29, 0.273009),
(18, 30, 0.000000),
(18, 31, 0.058554),
(18, 32, 0.069886),
(18, 33, 0.231455),
(18, 34, 0.125988),
(18, 35, 0.058554),
(18, 36, 0.182006),
(18, 37, 0.048795),
(18, 38, 0.000000),
(18, 39, 0.042796),
(18, 40, 0.036370),
(18, 41, 0.134687),
(18, 42, 0.033278),
(18, 43, 0.038576),
(18, 44, 0.149873),
(18, 45, 0.000000),
(18, 46, 0.016591),
(18, 47, 0.222812),
(18, 48, 0.048196),
(18, 49, 0.058321),
(18, 50, 0.031830),
(18, 51, 0.014235),
(18, 52, 0.033278),
(18, 53, 0.088273),
(18, 54, 0.019213),
(18, 55, 0.142857),
(18, 56, 0.122094),
(18, 57, 0.000000),
(18, 58, 0.000000),
(18, 59, 0.113160),
(18, 60, 0.041996),
(18, 61, 0.037987),
(18, 62, 0.102162),
(18, 63, 0.040522),
(18, 64, 0.074848),
(18, 65, 0.027940),
(18, 66, 0.037987),
(18, 67, 0.048795),
(18, 68, 0.014987),
(18, 69, 0.039193),
(18, 70, 0.189934),
(18, 71, 0.037424),
(18, 72, 0.040522),
(18, 73, 0.030557),
(18, 74, 0.030557),
(18, 75, 0.034943),
(18, 76, 0.072739),
(18, 77, 0.083930),
(18, 78, 0.051434),
(18, 79, 0.065795),
(18, 80, 0.044544),
(18, 81, 0.043427),
(18, 82, 0.032805),
(18, 83, 0.074125),
(18, 84, 0.057189),
(18, 85, 0.058321),
(18, 86, 0.080582),
(18, 87, 0.000000),
(18, 88, 0.000000),
(18, 89, 0.065795),
(18, 90, 0.000000),
(18, 91, 0.000000),
(18, 92, 0.000000),
(18, 93, 0.039193),
(18, 94, 0.078811),
(18, 95, 0.164957),
(18, 96, 0.032530),
(18, 97, 0.000000),
(18, 98, 0.064820),
(18, 99, 0.069442),
(18, 100, 0.028904),
(18, 101, 0.160128),
(18, 102, 0.036886),
(18, 103, 0.031174),
(18, 104, 0.000000),
(18, 105, 0.048795),
(18, 106, 0.054554),
(18, 107, 0.161917),
(18, 108, 0.000000),
(18, 109, 0.000000),
(18, 110, 0.025717),
(18, 111, 0.025717),
(19, 19, 0.999999),
(19, 20, 0.999999),
(19, 21, 0.000000),
(19, 22, 0.057977),
(19, 23, 0.000000),
(19, 24, 0.051194),
(19, 25, 0.051194),
(19, 26, 0.000000),
(19, 27, 0.000000),
(19, 28, 0.054233),
(19, 29, 0.035760),
(19, 30, 0.000000),
(19, 31, 0.122714),
(19, 32, 0.027462),
(19, 33, 0.060634),
(19, 34, 0.024754),
(19, 35, 0.122714),
(19, 36, 0.035760),
(19, 37, 0.038348),
(19, 38, 0.000000),
(19, 39, 0.033634),
(19, 40, 0.028583),
(19, 41, 0.105851),
(19, 42, 0.026153),
(19, 43, 0.000000),
(19, 44, 0.000000),
(19, 45, 0.026463),
(19, 46, 0.039116),
(19, 47, 0.050031),
(19, 48, 0.018939),
(19, 49, 0.045835),
(19, 50, 0.025016),
(19, 51, 0.000000),
(19, 52, 0.000000),
(19, 53, 0.046250),
(19, 54, 0.000000),
(19, 55, 0.037424),
(19, 56, 0.000000),
(19, 57, 0.000000),
(19, 58, 0.064820),
(19, 59, 0.033350),
(19, 60, 0.000000),
(19, 61, 0.029854),
(19, 62, 0.040145),
(19, 63, 0.000000),
(19, 64, 0.058824),
(19, 65, 0.000000),
(19, 66, 0.000000),
(19, 67, 0.038348),
(19, 68, 0.047114),
(19, 69, 0.000000),
(19, 70, 0.000000),
(19, 71, 0.000000),
(19, 72, 0.000000),
(19, 73, 0.000000),
(19, 74, 0.024015),
(19, 75, 0.054924),
(19, 76, 0.057166),
(19, 77, 0.105538),
(19, 78, 0.000000),
(19, 79, 0.000000),
(19, 80, 0.000000),
(19, 81, 0.068259),
(19, 82, 0.000000),
(19, 83, 0.000000),
(19, 84, 0.000000),
(19, 85, 0.045835),
(19, 86, 0.021110),
(19, 87, 0.000000),
(19, 88, 0.053567),
(19, 89, 0.000000),
(19, 90, 0.000000),
(19, 91, 0.000000),
(19, 92, 0.000000),
(19, 93, 0.030802),
(19, 94, 0.041292),
(19, 95, 0.097231),
(19, 96, 0.102262),
(19, 97, 0.000000),
(19, 98, 0.135847),
(19, 99, 0.040931),
(19, 100, 0.022716),
(19, 101, 0.000000),
(19, 102, 0.086966),
(19, 103, 0.024500),
(19, 104, 0.134535),
(19, 105, 0.000000),
(19, 106, 0.000000),
(19, 107, 0.000000),
(19, 108, 0.020646),
(19, 109, 0.020646),
(19, 110, 0.060634),
(19, 111, 0.060634),
(20, 20, 0.999999),
(20, 21, 0.000000),
(20, 22, 0.057977),
(20, 23, 0.000000),
(20, 24, 0.051194),
(20, 25, 0.051194),
(20, 26, 0.000000),
(20, 27, 0.000000),
(20, 28, 0.054233),
(20, 29, 0.035760),
(20, 30, 0.000000),
(20, 31, 0.122714),
(20, 32, 0.027462),
(20, 33, 0.060634),
(20, 34, 0.024754),
(20, 35, 0.122714),
(20, 36, 0.035760),
(20, 37, 0.038348),
(20, 38, 0.000000),
(20, 39, 0.033634),
(20, 40, 0.028583);

-- --------------------------------------------------------

--
-- 表的结构 `yzz_creator`
--

DROP TABLE IF EXISTS `yzz_creator`;
CREATE TABLE IF NOT EXISTS `yzz_creator` (
`id` int(5) NOT NULL,
  `name` char(20) NOT NULL,
  `country` char(20) NOT NULL DEFAULT '中国',
  `birthday` year(4) DEFAULT NULL
) ENGINE=InnoDB AUTO_INCREMENT=141 DEFAULT CHARSET=utf8;

--
-- 转存表中的数据 `yzz_creator`
--

INSERT INTO `yzz_creator` (`id`, `name`, `country`, `birthday`) VALUES
(4, '作者1', '中国', 1995),
(5, '作者2', '丹麦', 1987),
(6, '译者1', '日本', 0000),
(7, '李树刚', '中国', 1963),
(8, '张剑波', '中国', 1964),
(9, '陶德麟', '中国', 1960),
(10, '吴川生', '中国', 1955),
(11, 'Tom M. Apostol', '美国', 1960),
(12, '邢富冲', '中国', 1970),
(13, '陶德麟', '中国', 1960),
(14, '梁斌', '中国', 1973),
(15, '广重彻', '日本', 1955),
(16, '李醒民', '中国', 1966),
(17, '张国伍', '中国', 1957),
(18, '张雷声', '中国', 1960),
(19, '宣焕灿', '中国', 1966),
(20, '储泰松', '中国', 1966),
(21, '张国伍', '中国', 1956),
(22, '张洪欣', '中国', 1978),
(23, '曲玉波', '中国', 1960),
(24, '吴心平', '中国', 1980),
(25, '张玉甫', '中国', 1980),
(26, '李君', '中国', 1987),
(27, '刘景良', '中国', 1955),
(28, '季然', '中国', 1944),
(29, '顾海良', '中国', 1970),
(30, '袁家军', '中国', 1987),
(31, '德力夏提·肉孜', '中国', 2015),
(32, '德力夏提·肉', '中国', 1990),
(33, '德力夏提', '中国', 1980),
(34, '申永华', '中国', 1960),
(35, 'Kate Boehm Nyquist', '美国', 1949),
(36, '李浙', '中国', 1945),
(37, ' 杨连瑞', '中国', 1960),
(38, '冯春萍', '中国', 1973),
(39, '张西平', '中国', 1970),
(40, '宁津生', '中国', 1955),
(41, '杨连瑞', '中国', 1980),
(42, '沈清松', '中国', 1960),
(43, '杨保华', '中国', 1987),
(44, '刘南', '中国', 1945),
(45, '刘仁义', '中国', 1967),
(46, '常俊跃', '中国', 1978),
(47, '张辉', '中国', 1967),
(48, '王志敏', '中国', 1966),
(49, 'AMOS TURK', '美国', 1930),
(50, '陈国成', '中国', 1945),
(51, '江晓原', '中国', 1956),
(52, '吴燕', '中国', 1955),
(53, '陈平原', '中国', 1954),
(54, '陈成文', '中国', 1976),
(55, '王风', '中国', 1966),
(56, '朱维之', '中国', 1905),
(57, '李毅', '中国', 1967),
(58, '高仓正三', '日本', 1939),
(59, '张书义', '中国', 1926),
(60, '杜若鸿', '中国', 2015),
(61, '郭毅', '中国', 1976),
(62, '罗家德', '中国', 1967),
(63, '陈大成', '中国', 1966),
(64, '纪昀著', '中国', 0000),
(65, '齐海鹏', '中国', 1962),
(66, '陆寿钧', '中国', 1944),
(67, '邓小飞', '中国', 2015),
(68, '蒋成峰', '中国', 1980),
(69, '闫张增', '中国', 1995),
(70, '赫伯特·斯宾塞（Herbert Spen', '英国', 1966),
(71, '张宏晖', '中国', 1978),
(72, '柯凡', '中国', 1980),
(73, '李维民', '中国', 1950),
(74, '焦中生', '中国', 1967),
(75, '沈超玲', '中国', 1967),
(76, '张云', '中国', 1977),
(77, '迈克尔·莱斯诺夫', '英国', 1934),
(78, '张振涛', '中国', 1955),
(79, '全国卫生专业技术资格考试专家委员会', '中国', 1955),
(80, '刘德生', '中国', 1933),
(81, '吴亮', '中国', 1955),
(82, '樊成玮', '中国', 0000),
(83, '于占洋', '中国', 1955),
(84, '胡玉森', '中国', 1965),
(85, '王宏志', '中国', 0000),
(86, '杨晨', '中国', 1966),
(87, '徐光潜', '中国', 1950),
(88, '陈登武', '中国', 1956),
(89, '蒋跃', '中国', 1973),
(90, '赵香兰', '中国', 1967),
(91, '黄民', '中国', 2025),
(92, '曹云华', '中国', 1968),
(93, '花宏艳', '中国', 1973),
(94, '谭向勇', '中国', 1988),
(95, '辛贤', '中国', 1977),
(96, ' 布莱恩·M. 费根', '英国', 1933),
(97, '戚道孟', '中国', 1930),
(98, '古棣', '中国', 0000),
(99, '周振鹤', '中国', 1941),
(100, '张显良', '中国', 1968),
(101, '刘晴', '中国', 1973),
(102, '赵华富', '中国', 1929),
(103, '曼昆（N. Gregory Mankiw', '美国', 1934),
(104, '梁小民', '中国', 1945),
(105, '袁怀雨', '中国', 1958),
(106, '张洪欣', '中国', 1956),
(107, '赵春红', '中国', 1970),
(108, '张维迎', '中国', 1965),
(109, '纪素珍', '中国', 1970),
(110, '熊其兴', '中国', 1956),
(111, '吴元波', '中国', 1967),
(112, '夏云', '中国', 1971),
(113, '夏葵', '中国', 1964),
(114, '郑晓云', '中国', 1976),
(115, 'Hosseini，K', '美国', 1935),
(116, '李继宏', '中国', 1965),
(117, '卿志军', '中国', 1956),
(118, '慕景强', '中国', 1970),
(119, '张彦法', '中国', 1968),
(120, '张维迎', '中国', 1945);

-- --------------------------------------------------------

--
-- 表的结构 `yzz_translator`
--

DROP TABLE IF EXISTS `yzz_translator`;
CREATE TABLE IF NOT EXISTS `yzz_translator` (
  `translator_id` int(5) NOT NULL DEFAULT '0',
  `book_id` int(5) NOT NULL DEFAULT '0'
) ENGINE=InnoDB DEFAULT CHARSET=utf8;

--
-- 转存表中的数据 `yzz_translator`
--

INSERT INTO `yzz_translator` (`translator_id`, `book_id`) VALUES
(6, 11),
(6, 12),
(12, 17),
(16, 21),
(50, 49),
(104, 95),
(116, 105);

-- --------------------------------------------------------

--
-- 表的结构 `yzz_user`
--

DROP TABLE IF EXISTS `yzz_user`;
CREATE TABLE IF NOT EXISTS `yzz_user` (
  `id` char(15) NOT NULL,
  `password` char(35) NOT NULL DEFAULT 'yzz',
  `name` char(10) NOT NULL,
  `role` int(2) NOT NULL DEFAULT '0',
  `gender` char(4) DEFAULT NULL,
  `depart` char(20) NOT NULL,
  `birthday` varchar(20) NOT NULL,
  `email` char(30) NOT NULL,
  `credit` int(3) NOT NULL DEFAULT '100',
  `book_num` int(3) DEFAULT '30'
) ENGINE=InnoDB DEFAULT CHARSET=utf8;

--
-- 转存表中的数据 `yzz_user`
--

INSERT INTO `yzz_user` (`id`, `password`, `name`, `role`, `gender`, `depart`, `birthday`, `email`, `credit`, `book_num`) VALUES
('1200016604', '53aae98f4571bde5751f758286711dea', '周芷若', 1, '1', '信息科学学院', '2015-06-17', '1200016604@pku.edu.cn', 100, 30),
('1200016605', '53aae98f4571bde5751f758286711dea', '郑楠', 1, '1', '信息管理系', '2013/01/02', '1200016605@pku.edu.cn', 100, 30),
('1200016606', '53aae98f4571bde5751f758286711dea', '赵敏2', 1, '2', '政府管理学院', '2013/01/02', '1200016606@pku.edu.cn', 100, 30),
('1200016607', '53aae98f4571bde5751f758286711dea', '张无忌', 1, '1', '信息科学学院', '2013/01/02', '1200016607@pku.edu.cn', 100, 30),
('1200016608', '53aae98f4571bde5751f758286711dea', '风清扬', 2, '1', '信息科学学院', '2013/01/02', '1200016608@pku.edu.cn', 100, 40),
('1200016609', '53aae98f4571bde5751f758286711dea', '灭绝师太', 2, '2', '信息科学学院', '2013/01/02', '1200016609@pku.edu.cn', 100, 30),
('2333333333', '21232f297a57a5a743894a0e4a801fc3', 'hsk', 3, '1', '信息管理', '2015-05-07', 'h123456jack@163.com', 100, 30);

-- --------------------------------------------------------

--
-- 替换视图以便查看 `yzz_user2`
--
DROP VIEW IF EXISTS `yzz_user2`;
CREATE TABLE IF NOT EXISTS `yzz_user2` (
`id` char(15)
,`name` char(10)
,`role` int(2)
,`gender` char(4)
,`depart` char(20)
,`birthday` varchar(20)
,`email` char(30)
,`credit` int(3)
,`book_num` int(3)
);
-- --------------------------------------------------------

--
-- 视图结构 `yzz_user2`
--
DROP TABLE IF EXISTS `yzz_user2`;

CREATE ALGORITHM=UNDEFINED DEFINER=`root`@`localhost` SQL SECURITY DEFINER VIEW `yzz_user2` AS select `yzz_user`.`id` AS `id`,`yzz_user`.`name` AS `name`,`yzz_user`.`role` AS `role`,`yzz_user`.`gender` AS `gender`,`yzz_user`.`depart` AS `depart`,`yzz_user`.`birthday` AS `birthday`,`yzz_user`.`email` AS `email`,`yzz_user`.`credit` AS `credit`,`yzz_user`.`book_num` AS `book_num` from `yzz_user`;

--
-- Indexes for dumped tables
--

--
-- Indexes for table `stop_words`
--
ALTER TABLE `stop_words`
 ADD PRIMARY KEY (`word`);

--
-- Indexes for table `think_access`
--
ALTER TABLE `think_access`
 ADD KEY `groupId` (`role_id`), ADD KEY `nodeId` (`node_id`);

--
-- Indexes for table `think_node`
--
ALTER TABLE `think_node`
 ADD PRIMARY KEY (`id`), ADD KEY `level` (`level`), ADD KEY `pid` (`pid`), ADD KEY `status` (`status`), ADD KEY `name` (`name`);

--
-- Indexes for table `think_role`
--
ALTER TABLE `think_role`
 ADD PRIMARY KEY (`id`), ADD KEY `pid` (`pid`), ADD KEY `status` (`status`);

--
-- Indexes for table `think_role_user`
--
ALTER TABLE `think_role_user`
 ADD KEY `group_id` (`role_id`), ADD KEY `user_id` (`user_id`);

--
-- Indexes for table `yzz_author`
--
ALTER TABLE `yzz_author`
 ADD PRIMARY KEY (`author_id`,`book_id`), ADD KEY `book_id` (`book_id`);

--
-- Indexes for table `yzz_book`
--
ALTER TABLE `yzz_book`
 ADD PRIMARY KEY (`id`);

--
-- Indexes for table `yzz_book_booked`
--
ALTER TABLE `yzz_book_booked`
 ADD PRIMARY KEY (`id`), ADD KEY `userid` (`userid`), ADD KEY `bookid` (`bookid`);

--
-- Indexes for table `yzz_book_borrow`
--
ALTER TABLE `yzz_book_borrow`
 ADD PRIMARY KEY (`id`), ADD KEY `userid` (`userid`), ADD KEY `yzz_book_borrow_ibfk_2` (`copyid`);

--
-- Indexes for table `yzz_copy`
--
ALTER TABLE `yzz_copy`
 ADD PRIMARY KEY (`copyid`);

--
-- Indexes for table `yzz_cos`
--
ALTER TABLE `yzz_cos`
 ADD PRIMARY KEY (`bookid1`,`bookid2`,`value`);

--
-- Indexes for table `yzz_creator`
--
ALTER TABLE `yzz_creator`
 ADD PRIMARY KEY (`id`);

--
-- Indexes for table `yzz_translator`
--
ALTER TABLE `yzz_translator`
 ADD PRIMARY KEY (`translator_id`,`book_id`), ADD KEY `book_id` (`book_id`);

--
-- Indexes for table `yzz_user`
--
ALTER TABLE `yzz_user`
 ADD PRIMARY KEY (`id`);

--
-- AUTO_INCREMENT for dumped tables
--

--
-- AUTO_INCREMENT for table `think_node`
--
ALTER TABLE `think_node`
MODIFY `id` smallint(6) unsigned NOT NULL AUTO_INCREMENT;
--
-- AUTO_INCREMENT for table `think_role`
--
ALTER TABLE `think_role`
MODIFY `id` smallint(6) unsigned NOT NULL AUTO_INCREMENT;
--
-- AUTO_INCREMENT for table `yzz_book`
--
ALTER TABLE `yzz_book`
MODIFY `id` int(5) NOT NULL AUTO_INCREMENT,AUTO_INCREMENT=119;
--
-- AUTO_INCREMENT for table `yzz_book_booked`
--
ALTER TABLE `yzz_book_booked`
MODIFY `id` int(5) NOT NULL AUTO_INCREMENT,AUTO_INCREMENT=6;
--
-- AUTO_INCREMENT for table `yzz_book_borrow`
--
ALTER TABLE `yzz_book_borrow`
MODIFY `id` int(5) NOT NULL AUTO_INCREMENT,AUTO_INCREMENT=31;
--
-- AUTO_INCREMENT for table `yzz_copy`
--
ALTER TABLE `yzz_copy`
MODIFY `copyid` int(5) NOT NULL AUTO_INCREMENT,AUTO_INCREMENT=144;
--
-- AUTO_INCREMENT for table `yzz_creator`
--
ALTER TABLE `yzz_creator`
MODIFY `id` int(5) NOT NULL AUTO_INCREMENT,AUTO_INCREMENT=141;
--
-- 限制导出的表
--

--
-- 限制表 `yzz_author`
--
ALTER TABLE `yzz_author`
ADD CONSTRAINT `yzz_author_ibfk_1` FOREIGN KEY (`author_id`) REFERENCES `yzz_creator` (`id`),
ADD CONSTRAINT `yzz_author_ibfk_2` FOREIGN KEY (`book_id`) REFERENCES `yzz_book` (`id`);

--
-- 限制表 `yzz_book_booked`
--
ALTER TABLE `yzz_book_booked`
ADD CONSTRAINT `yzz_book_booked_ibfk_1` FOREIGN KEY (`userid`) REFERENCES `yzz_user` (`id`),
ADD CONSTRAINT `yzz_book_booked_ibfk_2` FOREIGN KEY (`bookid`) REFERENCES `yzz_book` (`id`);

--
-- 限制表 `yzz_book_borrow`
--
ALTER TABLE `yzz_book_borrow`
ADD CONSTRAINT `yzz_book_borrow_ibfk_1` FOREIGN KEY (`userid`) REFERENCES `yzz_user` (`id`),
ADD CONSTRAINT `yzz_book_borrow_ibfk_2` FOREIGN KEY (`copyid`) REFERENCES `yzz_copy` (`copyid`);

--
-- 限制表 `yzz_translator`
--
ALTER TABLE `yzz_translator`
ADD CONSTRAINT `yzz_translator_ibfk_1` FOREIGN KEY (`translator_id`) REFERENCES `yzz_creator` (`id`),
ADD CONSTRAINT `yzz_translator_ibfk_2` FOREIGN KEY (`book_id`) REFERENCES `yzz_book` (`id`);

/*!40101 SET CHARACTER_SET_CLIENT=@OLD_CHARACTER_SET_CLIENT */;
/*!40101 SET CHARACTER_SET_RESULTS=@OLD_CHARACTER_SET_RESULTS */;
/*!40101 SET COLLATION_CONNECTION=@OLD_COLLATION_CONNECTION */;
